_id,isPb,wpm,acc,rawWpm,consistency,charStats,mode,mode2,quoteLength,restartCount,testDuration,afkDuration,incompleteTestSeconds,punctuation,numbers,language,funbox,difficulty,lazyMode,blindMode,bailedOut,tags,timestamp
67b493ac6de0b0fec48daa01,,92.69,92.98,110.07,74.22,48;2;1;0,words,10,-1,1,6.21,0,1.51,false,false,english,none,normal,false,false,false,,1739887532000
67b493a06de0b0fec48da93a,,88.09,100,88.09,79.32,57;0;0;0,words,10,-1,3,7.76,0,12.19,false,false,english,none,normal,false,false,false,,1739887520000
67b4935a6de0b0fec48da4e6,,59.2,82.69,80.8,64.89,74;10;0;2,time,15,-1,1,15,0,4.91,false,false,english,none,normal,false,false,false,,1739887450000
67b493396de0b0fec48da2c5,,89.58,99.12,89.58,70.18,112;0;0;0,time,15,-1,1,15,0,1.15,false,false,english,none,normal,false,false,false,,1739887417000
67af0d006de0b0fec454afd2,,87.95,94.53,102.34,80.45,110;4;0;2,time,15,-1,3,15.01,0,3.63,false,false,english,none,normal,false,false,false,,1739525376000
67af0cc96de0b0fec454adb5,true,124.89,100,124.89,74.84,46;0;0;0,words,10,-1,3,4.42,0,4.9,false,false,english,none,normal,false,false,false,,1739525321000
678b69dc49deeea6275645a6,,84.73,94.96,95.12,75.44,106;4;0;0,time,15,-1,0,15.01,0,0,false,false,english,none,normal,false,false,false,,1737189852000
678b696d49deeea6275641ac,,72.78,91.09,80.78,72.63,91;7;0;2,time,15,-1,1,15,0,0.04,false,false,english,none,normal,false,false,false,,1737189741000
678b695b49deeea6275640fd,,76.73,98.1,83.13,78.49,96;0;1;0,time,15,-1,5,15.01,0,18.38,false,false,english,none,normal,false,false,false,,1737189723000
678b690449deeea627563db2,,75.99,92.31,82.39,67.77,95;5;1;0,time,15,-1,1,15,0,7.99,false,false,english,none,normal,false,false,false,,1737189636000
678b68eb49deeea627563cb5,,87.17,96.52,91.17,72.37,109;2;0;1,time,15,-1,1,15.01,0,1.97,false,false,english,none,normal,false,false,false,,1737189611000
678b68d049deeea627563be7,,66.87,92.5,83.58,75.88,32;1;0;2,words,10,-1,0,5.74,0,0,false,false,english,none,normal,false,false,false,,1737189584000
678b68c949deeea627563b94,,79.11,96.3,87.18,71.55,49;2;0;0,words,10,-1,13,7.43,0,26.62,false,false,english,none,normal,false,false,false,,1737189577000
678b689149deeea6275639a7,,99.63,92.5,113.86,60.49,35;2;0;0,words,10,-1,5,4.22,0,3.93,false,false,english,none,normal,false,false,false,,1737189521000
678b688449deeea627563942,,75.49,96.43,82.89,56.66,51;1;0;1,words,10,-1,1,8.11,0,0.81,false,false,english,none,normal,false,false,false,,1737189508000
6762b8da1df1c69f155f92a6,,76.89,100,76.89,79.82,50;0;0;0,words,10,-1,11,7.8,0,19.36,false,false,english,none,normal,false,false,false,,1734523098000
6762b8ae1df1c69f155f90eb,true,100.09,100,100.09,88.76,49;0;0;0,words,10,-1,3,5.87,0,12.92,false,false,english,none,normal,false,false,false,,1734523054000
6762b8901df1c69f155f8fb2,,79.21,98,86.1,66.15,46;0;0;1,words,10,-1,2,6.97,0,9.58,false,false,english,none,normal,false,false,false,,1734523024000
6762b8771df1c69f155f8e9c,,68.62,93.88,78.66,72.39,41;1;0;0,words,10,-1,0,7.17,0,0,false,false,english,none,normal,false,false,false,,1734522999000
6762b86d1df1c69f155f8e1d,true,85.16,100,85.16,76.21,53;0;0;0,words,10,-1,3,7.47,0,5.97,false,false,english,none,normal,false,false,false,,1734522989000
6762b84e1df1c69f155f8cdb,,75.99,98.04,81.59,83.71,95;1;0;0,time,15,-1,0,15,0,0,false,false,english,none,normal,false,false,false,,1734522958000
6762b83c1df1c69f155f8c04,true,67.55,100,67.55,46.6,52;0;0;0,words,10,-1,17,9.24,0,23.84,false,false,english,none,normal,false,false,false,,1734522940000
67406a9272e2e364f41a7d7b,,62.37,89.69,72.77,62.19,78;2;1;1,time,15,-1,4,15.01,0,7.62,false,false,english,none,normal,false,false,false,,1732274834000
67406a7472e2e364f41a7c40,,79.93,97.12,83.12,76.76,100;2;0;1,time,15,-1,7,15.01,0,16.75,false,false,english,none,normal,false,false,false,,1732274804000
673f1a3672e2e364f40a3153,,82.36,94.59,87.96,69.27,103;4;0;0,time,15,-1,6,15.01,0,12.32,false,false,english,none,normal,false,false,false,,1732188726000
673c8cc972e2e364f4e9730e,,68.77,95.6,68.77,55.63,86;0;0;0,time,15,-1,0,15.01,0,0,false,false,english,none,normal,false,false,false,,1732021449000
673b2126cb87917df29aa1d4,,58.39,89.58,76.78,75.93,73;4;0;5,time,15,-1,2,15,0,0.9,false,false,english,none,normal,false,false,false,,1731928358000
673b2110cb87917df29aa0be,,63.16,91.75,76.75,63.04,79;4;1;1,time,15,-1,0,15.01,0,0,false,false,english,none,normal,false,false,false,,1731928336000
6737460bcb87917df272e2fe,,95.18,96.75,98.38,83.82,119;2;1;0,time,15,-1,5,15,0,9.07,false,false,english,none,normal,false,false,false,,1731675659000
67373bc6cb87917df2725766,,5.6,100,5.6,0,7;0;0;0,time,15,-1,0,15.01,12,0,false,false,english,none,normal,false,false,false,,1731673030000
673739cfcb87917df2723f9d,,71.2,88.03,92.79,80.03,89;8;0;2,time,15,-1,5,15,0,11.63,false,false,english,none,normal,false,false,false,,1731672527000
673739adcb87917df2723df3,,73.58,88.6,90.38,62.86,92;8;0;2,time,15,-1,14,15,0,21.36,false,false,english,none,normal,false,false,false,,1731672493000
67373941cb87917df27238d1,,64.79,92,79.99,75.1,81;5;0;2,time,15,-1,3,15,0,18.42,false,false,english,none,normal,false,false,false,,1731672385000
673738b6cb87917df2723227,,68.77,92.16,81.56,69.53,86;6;0;2,time,15,-1,7,15.01,0,22.91,false,false,english,none,normal,false,false,false,,1731672246000
67373870cb87917df2722ed1,,75.99,93.46,84.79,53.75,95;3;1;1,time,15,-1,1,15,1,1.99,false,false,english,none,normal,false,false,false,,1731672176000
6737385acb87917df2722dce,,92.79,100,92.79,84.72,116;0;0;0,time,15,-1,3,15,0,4.85,false,false,english,none,normal,false,false,false,,1731672154000
67373814cb87917df2722a7a,,72.8,89.08,95.19,73.37,91;7;1;2,time,15,-1,1,15,0,0.97,false,false,english,none,normal,false,false,false,,1731672084000
67373802cb87917df27229c3,,60.77,91.95,69.57,67.78,76;5;0;2,time,15,-1,4,15.01,0,3.37,false,false,english,none,normal,false,false,false,,1731672066000
67373799cb87917df27224fd,,86.36,100,86.36,81.57,108;0;0;0,time,15,-1,8,15.01,0,7.77,false,false,english,none,normal,false,false,false,,1731671961000
67373759cb87917df2722216,,78.38,98.99,78.38,74.77,98;0;0;0,time,15,-1,1,15,0,11.47,false,false,english,none,normal,false,false,false,,1731671897000
67373728cb87917df2721fca,,70.34,92,78.34,62.6,88;3;1;1,time,15,-1,19,15.01,0,62.46,false,false,english,none,normal,false,false,false,,1731671848000
673736c2cb87917df2721afe,,79.98,92.92,87.18,72.21,100;2;1;0,time,15,-1,0,15,0,0,false,false,english,none,normal,false,false,false,,1731671746000
67373698cb87917df27218f4,,72.77,90.83,85.57,70.08,91;5;0;1,time,15,-1,4,15.01,0,4.35,false,false,english,none,normal,false,false,false,,1731671704000
67373670cb87917df2721724,true,99.18,96.15,103.98,82.8,124;3;1;0,time,15,-1,2,15,0,2.26,false,false,english,none,normal,false,false,false,,1731671664000
67373619cb87917df2721305,,66.38,93.41,69.58,70.23,83;1;0;0,time,15,-1,1,15.01,0,2.14,false,false,english,none,normal,false,false,false,,1731671577000
67373603cb87917df27211ff,,52.76,97.06,52.76,26.13,66;0;0;0,time,15,-1,2,15.01,4,4.04,false,false,english,none,normal,false,false,false,,1731671555000
673735ddcb87917df2721033,,74.37,90,87.17,76.82,93;7;0;2,time,15,-1,13,15.01,0,25.86,false,false,english,none,normal,false,false,false,,1731671517000
67373558cb87917df2720a51,,87.15,97.39,91.15,81.15,109;1;0;0,time,15,-1,15,15.01,0,34.63,false,false,english,none,normal,false,false,false,,1731671384000
6737349acb87917df272020e,,91.99,97.56,98.39,74.73,115;1;0;1,time,15,-1,0,15,0,0,false,false,english,zipf,normal,false,false,false,,1731671194000
67361d7fcb87917df264cbaa,,81.54,95.5,87.94,74.94,102;1;1;1,time,15,-1,7,15.01,0,17.64,false,false,english,zipf,normal,false,false,false,,1731599743000
67361d1fcb87917df264c46b,,86.37,97.32,88.77,82.46,108;1;0;0,time,15,-1,4,15,0,7.6,false,false,english,zipf,normal,false,false,false,,1731599647000
67361cefcb87917df264c048,,78.38,97.09,82.38,66.85,98;2;0;0,time,15,-1,20,15,0,37.91,false,false,english,zipf,normal,false,false,false,,1731599599000
67361c65cb87917df264b611,,63.99,89.47,74.39,76.46,80;4;0;1,time,15,-1,14,15,0,23.5,false,false,english,zipf,normal,false,false,false,,1731599461000
67361c25cb87917df264b110,,75.17,90.52,92.77,76.17,94;5;0;3,time,15,-1,4,15.01,0,10.03,false,false,english,zipf,normal,false,false,false,,1731599397000
67361bfbcb87917df264ae11,,76.78,95.37,85.58,75.57,96;2;0;0,time,15,-1,4,15,0,4.12,false,false,english,zipf,normal,false,false,false,,1731599355000
67361be0cb87917df264ac04,,85.57,100,85.57,83.92,107;0;0;0,time,15,-1,0,15.01,0,0,false,false,english,zipf,normal,false,false,false,,1731599328000
67361bc9cb87917df264aa72,,80.79,96.26,83.99,77.77,101;1;0;0,time,15,-1,7,15,0,18.23,false,false,english,zipf,normal,false,false,false,,1731599304000
67361b95cb87917df264a6a6,,86.38,98.23,90.38,72.64,108;1;0;0,time,15,-1,2,15,0,6.98,false,false,english,zipf,normal,false,false,false,,1731599253000
67361b72cb87917df264a401,,79.19,98.04,81.59,70.99,99;1;0;0,time,15,-1,1,15,0,0.77,false,false,english,zipf,normal,false,false,false,,1731599218000
67361b5bcb87917df264a267,,56.79,81.52,71.99,61.96,71;8;1;5,time,15,-1,0,15,0,0,false,false,english,zipf,normal,false,false,false,,1731599195000
67361b4acb87917df264a10c,,71.98,87.61,89.58,75.35,90;6;2;1,time,15,-1,1,15,0,3.62,false,false,english,zipf,normal,false,false,false,,1731599178000
67361b34cb87917df2649f7a,,86.39,96.43,89.59,73.73,108;3;0;1,time,15,-1,2,15,0,2.17,false,false,english,zipf,normal,false,false,false,,1731599156000
67361b10cb87917df2649cc3,,60.79,85.58,83.18,70.93,76;7;1;4,time,15,-1,1,15,0,10.81,false,false,english,zipf,normal,false,false,false,,1731599120000
67361ac8cb87917df2649753,,79.18,98.02,79.18,66.37,99;0;0;0,time,15,-1,2,15,0,2.83,false,false,english,zipf,normal,false,false,false,,1731599048000
67361aa3cb87917df2649473,,57.58,84.76,83.97,69.59,72;7;2;4,time,15,-1,5,15.01,0,9.5,false,false,english,zipf,normal,false,false,false,,1731599011000
67361a5fcb87917df2648f6a,,66.39,92.63,72.79,69.13,83;1;0;1,time,15,-1,0,15,0,0,false,false,english,zipf,normal,false,false,false,,1731598943000
67361a3acb87917df2648cca,,75.98,93.52,85.58,72.6,95;2;1;1,time,15,-1,2,15,0,4.28,false,false,english,zipf,normal,false,false,false,,1731598906000
6734b6b9cb87917df252338e,,68.78,92,79.97,67.76,86;4;1;1,time,15,-1,1,15.01,0,0.04,false,false,english,zipf,normal,false,false,false,,1731507897000
6734b6a6cb87917df252325a,,73.53,97.89,75.93,53.34,92;1;0;1,time,15,-1,3,15.01,0,3.37,false,false,english,zipf,normal,false,false,false,,1731507878000
67349aa9cb87917df2506fc0,,61.58,83.02,84.77,76.06,77;9;2;4,time,15,-1,0,15,0,0,false,false,english,zipf,normal,false,false,false,,1731500713000
67348f1dcb87917df24fe536,,67.99,95.6,71.99,70.23,85;2;0;0,time,15,-1,3,15,0,2.56,false,false,english,zipf,normal,false,false,false,,1731497757000
67348e7acb87917df24fde16,,18.4,100,18.4,42.6,23;0;0;0,time,15,-1,6,15,1,23.71,false,false,english,zipf,normal,false,false,false,,1731497594000
67348e3ccb87917df24fdb5a,,79.17,98.08,83.17,75.04,99;1;0;0,time,15,-1,2,15.01,0,2.88,false,false,english,zipf,normal,false,false,false,,1731497532000
67333acfcb87917df23ec49f,,56.79,83.7,71.19,63.38,71;7;0;5,time,15,-1,6,15,0,7.26,false,false,english,zipf,normal,false,false,false,,1731410639000
67333aaecb87917df23ec31b,,70.37,93,78.37,69.67,88;2;1;1,time,15,-1,1,15.01,0,0.75,false,false,english,zipf,normal,false,false,false,,1731410606000
67333a9bcb87917df23ec22c,,60.78,83.51,77.58,71.84,76;10;1;4,time,15,-1,3,15,0,2.48,false,false,english,zipf,normal,false,false,false,,1731410587000
67333a83cb87917df23ec0ee,,54.37,77.89,75.96,67.05,68;11;3;3,time,15,-1,0,15.01,0,0,false,false,english,zipf,normal,false,false,false,,1731410563000
67333a53cb87917df23ebeba,,75.98,92.04,90.38,74.41,95;4;1;1,time,15,-1,1,15,0,0.32,false,false,english,zipf,normal,false,false,false,,1731410515000
67333a39cb87917df23ebdb0,,82.39,99.04,82.39,70.93,103;0;0;0,time,15,-1,1,15,0,0.85,false,false,english,zipf,normal,false,false,false,,1731410489000
67333a20cb87917df23ebc63,,78.39,100,78.39,72.7,98;0;0;0,time,15,-1,4,15,0,7.98,false,false,english,zipf,normal,false,false,false,,1731410464000
67307891cb87917df2204b89,,61.59,90.22,70.39,60.14,77;3;1;0,time,15,-1,1,15,0,0.65,false,false,english,zipf,normal,false,false,false,,1731229841000
6730787ecb87917df2204ade,,58.37,89.29,65.56,60.47,73;4;1;1,time,15,-1,0,15.01,0,0,false,false,english,zipf,normal,false,false,false,,1731229822000
67307866cb87917df2204a05,,56.78,92.21,59.18,63.14,71;2;0;1,time,15,-1,8,15.01,0,33.78,false,false,english,zipf,normal,false,false,false,,1731229798000
6730781ecb87917df2204763,,83.18,95.41,85.58,70.93,104;2;0;0,time,15,-1,2,15,0,1.33,false,false,english,zipf,normal,false,false,false,,1731229726000
672ddc6bcb87917df2058a35,,43.99,90.48,48.79,67.24,55;2;0;0,time,15,-1,0,15,0,0,false,false,english,zipf,normal,false,false,false,,1731058795000
672da36ecb87917df2034188,,78.39,98.02,80.79,71.58,98;1;0;0,time,15,-1,0,15,0,0,false,false,english,zipf,normal,false,false,false,,1731044206000
672da35ccb87917df20340e4,,65.6,94.57,71.2,64.36,82;2;0;0,time,15,-1,6,15,0,11.08,false,false,english,zipf,normal,false,false,false,,1731044188000
672c9d39cb87917df2f5c124,,71.96,89.47,91.15,78.62,90;6;1;1,time,15,-1,0,15.01,0,0,false,false,english,zipf,normal,false,false,false,,1730977081000
672c9d27cb87917df2f5c046,,78.37,96.15,82.37,76.17,98;2;0;0,time,15,-1,1,15,0,0.92,false,false,english,zipf,normal,false,false,false,,1730977063000
672c9ce3cb87917df2f5bd68,,59.18,85.15,79.98,62.26,74;7;2;2,time,15,-1,0,15,0,0,false,false,english,zipf,normal,false,false,false,,1730976995000
672b6cc9cb87917df2e7099d,,63.98,92.71,75.98,73.98,80;3;1;0,time,15,-1,3,15,0,9.5,false,false,english,zipf,normal,false,false,false,,1730899145000
672b6ca2cb87917df2e70740,,85.59,97.27,87.99,74.29,107;2;0;1,time,15,-1,0,15,0,0,false,false,english,zipf,normal,false,false,false,,1730899106000
672b6c81cb87917df2e70543,,71.95,93.14,80.74,67.25,90;4;0;0,time,15,-1,1,15.01,0,3.6,false,false,english,zipf,normal,false,false,false,,1730899073000
672b6c6acb87917df2e703dd,,65.59,93.18,69.58,49.98,82;3;0;0,time,15,-1,0,15,0,0,false,false,english,zipf,normal,false,false,false,,1730899050000
672b6c58cb87917df2e702d5,,87.97,97.35,90.37,83.3,110;2;0;1,time,15,-1,0,15.01,0,0,false,false,english,zipf,normal,false,false,false,,1730899032000
672b6baccb87917df2e6f8fc,,87.18,99.09,87.18,67.86,109;0;0;0,time,15,-1,0,15,0,0,false,false,english,zipf,normal,false,false,false,,1730898860000
672b6b9ccb87917df2e6f80c,,78.37,99,78.37,68.7,98;0;0;0,time,15,-1,0,15.01,0,0,false,false,english,zipf,normal,false,false,false,,1730898844000
672b6b04cb87917df2e6ef53,,74.35,94.34,83.95,72.92,93;2;1;1,time,15,-1,0,15.01,0,0,false,false,english,zipf,normal,false,false,false,,1730898692000
672b6af3cb87917df2e6ee61,,75.96,98.96,75.96,75.26,95;0;0;0,time,15,-1,0,15.01,0,0,false,false,english,zipf,normal,false,false,false,,1730898675000
672b6ad7cb87917df2e6eca3,,82.39,97.2,83.99,68.5,103;0;0;1,time,15,-1,3,15,0,6.69,false,false,english,zipf,normal,false,false,false,,1730898647000
672b6aa3cb87917df2e6e97f,,83.96,97.22,83.96,65.17,105;0;0;0,time,15,-1,1,15.01,0,0.71,false,false,english,zipf,normal,false,false,false,,1730898595000
672b69d4cb87917df2e6ddbd,,87.99,97.39,91.99,88.66,110;2;0;0,time,15,-1,2,15,0,1.09,false,false,english,read_ahead_easy#zipf,normal,false,false,false,,1730898388000
672b695acb87917df2e6d6da,,71.14,92.16,79.13,67.7,89;2;1;1,time,15,-1,4,15.01,0,13.48,false,false,english,crt#zipf,normal,false,false,false,,1730898266000
672b6937cb87917df2e6d4e9,,87.18,96.49,90.38,75.6,109;2;0;0,time,15,-1,1,15,0,1.8,false,false,english,crt#zipf,normal,false,false,false,,1730898231000
672b6910cb87917df2e6d2dd,,81.54,95.33,83.94,67.68,102;2;0;1,time,15,-1,1,15.01,0,0.4,false,false,english,earthquake#zipf,normal,false,false,false,,1730898192000
672b68abcb87917df2e6cd92,,75.99,98.06,81.59,74.02,95;0;0;1,time,15,-1,1,15,0,0.25,false,false,english,zipf,normal,false,false,false,,1730898091000
672b6855cb87917df2e6c869,,68.73,90.72,77.53,69.67,86;5;1;1,time,15,-1,4,15.01,0,14.94,false,false,english,zipf,normal,false,false,false,,1730898005000
672b682ccb87917df2e6c624,,75.19,92.45,84.79,68.8,94;5;0;2,time,15,-1,7,15,0,16.75,false,false,english,zipf,normal,false,false,false,,1730897964000
672b6803cb87917df2e6c3a7,,75.99,94.44,86.39,84.62,95;3;1;1,time,15,-1,2,15,0,3.72,false,false,english,zipf,normal,false,false,false,,1730897923000
672b67c9cb87917df2e6c06e,,55.17,86.05,65.56,60.01,69;5;0;3,time,15,-1,0,15.01,0,0,false,false,english,zipf,normal,false,false,false,,1730897865000
672b67b4cb87917df2e6bf31,,75.99,96.94,77.59,71.03,95;1;0;1,time,15,-1,5,15,0,5.03,false,false,english,zipf,normal,false,false,false,,1730897844000
672b66efcb87917df2e6b454,,75.98,95.19,82.38,72.4,95;2;0;2,time,15,-1,0,15,0,0,false,false,english,zipf,normal,false,false,false,,1730897647000
672b66a4cb87917df2e6b09a,,81.59,92.92,88.79,73.51,102;3;0;2,time,15,-1,1,15,0,3.93,false,false,english,zipf,normal,false,false,false,,1730897572000
672b6561cb87917df2e6a059,,88,100,88,78.49,110;0;0;0,time,15,-1,2,15,0,4.54,false,false,english,zipf,normal,false,false,false,,1730897249000
672b6547cb87917df2e69f09,,70.4,96.74,72.8,74.14,88;1;0;1,time,15,-1,4,15,0,10.45,false,false,english,zipf,normal,false,false,false,,1730897223000
672b6522cb87917df2e69d1a,,72.78,93.14,81.57,78.39,91;4;1;0,time,15,-1,5,15.01,0,13.75,false,false,english,zipf,normal,false,false,false,,1730897186000
672b64fdcb87917df2e69b2d,,80.79,99.05,83.99,77.87,101;0;0;1,time,15,-1,1,15,0,0.86,false,false,english,zipf,normal,false,false,false,,1730897149000
672b64e9cb87917df2e69a3c,,85.6,99.07,85.6,81.57,107;0;0;0,time,15,-1,2,15,0,3.14,false,false,english,zipf,normal,false,false,false,,1730897129000
672b64b2cb87917df2e69792,,80.77,99.02,80.77,79.77,101;0;0;0,time,15,-1,5,15.01,0,12.21,false,false,english,zipf,normal,false,false,false,,1730897074000
672b648dcb87917df2e695aa,,66.34,91.51,83.92,76.62,83;3;2;0,time,15,-1,2,15.01,0,0.76,false,false,english,zipf,normal,false,false,false,,1730897037000
672b6327cb87917df2e68327,,80.8,95.45,86.4,76.82,101;1;1;0,time,15,-1,0,15,0,0,false,false,english,none,normal,false,false,false,,1730896679000
672b62fdcb87917df2e68115,,88.78,100,88.78,83.05,111;0;0;0,time,15,-1,0,15,0,0,false,false,english,zipf,normal,false,false,false,,1730896637000
672b62aacb87917df2e67d49,,76.79,96.12,81.59,74.02,96;2;0;0,time,15,-1,1,15,0,0.64,false,false,english,none,normal,false,false,false,,1730896554000
672b6293cb87917df2e67c5d,,81.54,100,81.54,72,102;0;0;0,time,15,-1,5,15.01,0,15.17,false,false,english,none,normal,false,false,false,,1730896531000
672b6253cb87917df2e67948,,61.56,90.8,65.56,60.6,77;3;0;0,time,15,-1,0,15.01,0,0,false,false,english,none,normal,false,false,false,,1730896467000
672b6240cb87917df2e67860,,63.96,93.26,67.16,62.35,80;0;0;1,time,15,-1,0,15.01,0,0,false,false,english,none,normal,false,false,false,,1730896448000
672b622bcb87917df2e6778d,,65.58,89.11,78.37,74.3,82;2;3;2,time,15,-1,0,15.01,0,0,false,false,english,none,normal,false,false,false,,1730896427000
672b6216cb87917df2e67692,,78.38,98.99,78.38,78.01,98;0;0;0,time,15,-1,2,15,0,2,false,false,english,none,normal,false,false,false,,1730896406000
672b6120cb87917df2e66a19,,63.96,87,79.15,76.34,80;7;2;0,time,15,-1,0,15.01,0,0,false,false,english,none,normal,false,false,false,,1730896160000
672b6104cb87917df2e6688a,,78.38,91.82,86.38,69.85,98;4;1;0,time,15,-1,4,15,0,14.06,false,false,english,none,normal,false,false,false,,1730896132000
672b603dcb87917df2e65e47,,71.99,95,79.99,76.34,90;4;0;1,time,15,-1,0,15,0,0,false,false,english,none,normal,false,false,false,,1730895933000
672b5fcacb87917df2e65889,,79.12,97.06,79.12,70.01,99;0;0;0,time,15,-1,0,15.01,0,0,false,false,english,none,normal,false,false,false,,1730895818000
672b5f8fcb87917df2e655a0,,64.76,91.49,72.76,61.16,81;4;0;1,time,15,-1,0,15.01,0,0,false,false,english,none,normal,false,false,false,,1730895759000
672b5ef4cb87917df2e64e4f,,71.96,90.38,82.35,71.41,90;5;1;0,time,15,-1,1,15.01,0,0.93,false,false,english,plus_one#zipf,normal,false,false,false,,1730895604000
672b5eb0cb87917df2e64b1d,,63.18,90.43,72.78,57.03,79;3;0;2,time,15,-1,0,15,0,0,false,false,english,space_balls#zipf,normal,false,false,false,,1730895536000
672b5e4acb87917df2e64650,,71.99,92.08,78.39,62.65,90;3;0;1,time,15,-1,0,15,0,0,false,false,english,zipf,normal,false,false,false,,1730895434000
672b5dedcb87917df2e6420e,,74.39,94.95,78.39,73.58,93;2;1;0,time,15,-1,0,15,0,0,false,false,english,none,normal,false,false,false,,1730895341000
672b5dd0cb87917df2e640b6,,53.57,81.18,66.37,67.36,67;8;4;0,time,15,-1,1,15.01,0,0.07,false,false,english,none,normal,false,false,false,,1730895312000
672b5dbccb87917df2e63fcc,,66.37,94.57,71.17,71.53,83;1;0;0,time,15,-1,5,15.01,0,2.36,false,false,english,none,normal,false,false,false,,1730895292000
672b5111cb87917df2e5ac15,,64.73,93.68,71.92,56.26,81;2;0;0,time,15,-1,1,15.02,0,0.74,false,false,english,none,normal,false,false,false,,1730892049000
672b50fccb87917df2e5ab36,,83.19,97.32,88.79,77.66,104;0;1;0,time,15,-1,3,15,0,4.65,false,false,english,none,normal,false,false,false,,1730892028000
672b5059cb87917df2e5a476,,76.79,94.39,85.59,78.36,96;4;0;1,time,15,-1,0,15,0,0,false,false,english,none,normal,false,false,false,,1730891865000
672b5043cb87917df2e5a384,,68,98.84,68,83.8,85;0;0;0,time,15,-1,1,15,0,1.54,false,false,english,none,normal,false,false,false,,1730891843000
672b5030cb87917df2e5a2a2,,64,94.68,75.2,74.29,80;3;0;1,time,15,-1,1,15,0,0.35,false,false,english,none,normal,false,false,false,,1730891824000
672b501acb87917df2e5a1c0,,62.4,87.25,81.6,63.51,78;7;1;2,time,15,-1,1,15,0,0.2,false,false,english,none,normal,false,false,false,,1730891802000
672b5002cb87917df2e5a0c6,,88.79,100,88.79,83.05,111;0;0;0,time,15,-1,1,15,0,1.93,false,false,english,none,normal,false,false,false,,1730891778000
672b4feccb87917df2e59fd7,,62.36,85.19,86.35,80.23,78;9;1;4,time,15,-1,3,15.01,0,10.62,false,false,english,none,normal,false,false,false,,1730891756000
672a1a46cb87917df2d6fdd5,,79.99,95.24,81.59,71.43,100;1;0;1,time,15,-1,0,15,0,0,false,false,english,none,normal,false,false,false,,1730812486000
672a1a35cb87917df2d6fce6,,67.19,86.49,88.79,78.04,84;9;1;1,time,15,-1,1,15,0,0.45,false,false,english,none,normal,false,false,false,,1730812469000
672a1a21cb87917df2d6fbc6,,81.55,97.35,90.35,75.35,102;1;0;1,time,15,-1,3,15.01,0,7.11,false,false,english,none,normal,false,false,false,,1730812449000
672a1964cb87917df2d6f17e,true,79.97,100,79.97,76.98,100;0;0;0,time,15,-1,2,15.01,0,3.05,false,false,english,none,master,false,false,false,,1730812260000
672a190bcb87917df2d6eca2,,58.38,86.46,75.18,65.87,73;8;0;1,time,15,-1,1,15,0,4.9,false,false,english,none,normal,false,false,false,,1730812171000
672a18f2cb87917df2d6eb30,,69.59,92.93,79.18,73.58,87;4;1;1,time,15,-1,0,15,0,0,false,false,english,none,normal,false,false,false,,1730812146000
672a18d9cb87917df2d6e9e2,,75.17,95.24,83.16,59.62,94;1;1;1,time,15,-1,3,15.01,1,2.8,false,false,english,none,normal,false,false,false,,1730812121000
672a18bacb87917df2d6e846,,60.75,84.76,83.13,67.85,76;8;2;3,time,15,-1,0,15.01,0,0,false,false,english,none,normal,false,false,false,,1730812090000
672a1899cb87917df2d6e679,,66.38,91,79.17,73.92,83;3;1;3,time,15,-1,3,15.01,0,4.14,false,false,english,none,normal,false,false,false,6728cea16aeef0b7185fed77,1730812057000
6728cbe06aeef0b7185fc251,,78.38,92.37,94.38,82.72,98;5;1;0,time,15,-1,1,15,0,12.65,false,false,english,none,normal,false,false,false,,1730726880000
6728caf76aeef0b7185fb450,,77.56,95.45,87.15,73.81,97;2;0;1,time,15,-1,5,15.01,0,19.16,false,false,english,none,normal,false,false,false,,1730726647000
6728cab26aeef0b7185fb054,,84.79,95.8,95.19,82.49,106;2;1;0,time,15,-1,2,15,0,1.01,false,false,english,none,normal,false,false,false,,1730726578000
6728ca586aeef0b7185faafb,,59.18,90.11,70.37,70.85,74;3;1;1,time,15,-1,3,15.01,0,10.62,false,false,english,none,normal,false,false,false,,1730726488000
6728ca396aeef0b7185fa901,,81.59,97.2,84.79,68.09,102;1;0;1,time,15,-1,0,15,0,0,false,false,english,none,normal,false,false,false,,1730726457000
6728ca1d6aeef0b7185fa777,true,91.95,100,91.95,79.98,115;0;0;0,time,15,-1,2,15.01,0,1.38,false,false,english,none,normal,false,false,false,,1730726429000
6728c9f26aeef0b7185fa4e3,,89.51,100,89.51,71.54,112;0;0;0,time,15,-1,1,15.01,0,2.3,false,false,english,none,normal,false,false,false,,1730726386000
6728c9dd6aeef0b7185fa3c0,,82.4,99.04,82.4,59.75,103;0;0;0,time,15,-1,2,15,0,3.27,false,false,english,none,normal,false,false,false,,1730726365000
6728c9c26aeef0b7185fa251,,75.17,94.06,79.97,68.63,94;4;0;1,time,15,-1,0,15.01,0,0,false,false,english,none,normal,false,false,false,,1730726338000
6728c9b06aeef0b7185fa13b,,80.79,93.86,91.19,80.9,101;3;3;0,time,15,-1,1,15,0,0.62,false,false,english,none,normal,false,false,false,,1730726320000
6728c9646aeef0b7185f9cc5,,67.16,91.75,75.16,59.36,84;3;0;0,time,15,-1,0,15.01,0,0,false,false,english,none,normal,false,false,false,,1730726244000
6728c9526aeef0b7185f9bde,,78.39,96.23,84.79,71.48,98;2;0;1,time,15,-1,0,15,0,0,false,false,english,none,normal,false,false,false,,1730726226000
6728b2226aeef0b7185e75f4,,83.99,100,83.99,82.7,105;0;0;0,time,15,-1,0,15,0,0,false,false,english,none,normal,false,false,false,,1730720290000
6728b20b6aeef0b7185e74d9,,54.38,86.73,78.37,69.46,68;7;1;2,time,15,-1,2,15.01,0,0.9,false,false,english,none,normal,false,false,false,,1730720267000
67210d1450538de2c2643741,,47.98,83.7,71.97,72.16,60;7;1;1,time,15,-1,0,15.01,0,0,false,false,english,none,normal,false,false,false,,1730219284000
671e5a8c50538de2c2450cd3,,53.58,92.86,64.78,57.38,67;3;0;0,time,15,-1,1,15.01,0,1.21,false,false,english,none,normal,false,false,false,,1730042508000
671e5a7650538de2c2450bd7,,61.58,92.08,80.78,71.07,77;4;0;1,time,15,-1,3,15,0,4.53,false,false,english,none,normal,false,false,false,,1730042486000
671cd31c50538de2c23796ce,,46.4,75.79,75.19,66.06,58;12;4;0,time,15,-1,3,15,0,14.26,false,false,english,none,normal,false,false,false,,1729942300000
671cd2f950538de2c237956d,,61.6,92.55,73.59,78.62,77;3;0;0,time,15,-1,2,15,0,7.79,false,false,english,none,normal,false,false,false,,1729942265000
671cd2c350538de2c2379340,,52,75.96,81.6,64.11,65;13;3;1,time,15,-1,1,15,0,2.06,false,false,english,none,normal,false,false,false,,1729942211000
671b8b8650538de2c229d95d,,64.75,95.45,68.74,72.97,81;1;0;0,time,15,-1,2,15.01,0,6.16,false,false,english,none,normal,false,false,false,,1729858438000
671b8b6a50538de2c229d7cb,,61.59,83.65,83.19,71.9,77;12;1;1,time,15,-1,3,15,0,4.55,false,false,english,none,normal,false,false,false,,1729858410000
671b8b4e50538de2c229d650,,63.99,90.1,79.19,71.07,80;5;0;1,time,15,-1,0,15,0,0,false,false,english,none,normal,false,false,false,,1729858382000
671b430b50538de2c226e971,,82.39,100,82.39,83.3,103;0;0;0,time,15,-1,1,15,0,1.26,false,false,english,none,normal,false,false,false,,1729839883000
671b42f450538de2c226e89e,,63.17,93.18,70.37,86.27,79;4;0;1,time,15,-1,1,15.01,0,3.9,false,false,english,none,normal,false,false,false,,1729839860000
671b42dd50538de2c226e7cb,,47.97,79.75,63.17,46.26,60;10;2;4,time,15,-1,1,15.01,1,0.23,false,false,english,none,normal,false,false,false,,1729839837000
6718eebc50538de2c20a4c4a,,59.98,91.67,66.38,75.78,75;5;0;0,time,15,-1,0,15,0,0,false,false,english,none,normal,false,false,false,,1729687228000
6718ebc950538de2c20a1ffd,,71.96,100,71.96,62.01,90;0;0;0,time,15,-1,1,15.01,0,3.27,false,false,english,none,normal,false,false,false,,1729686473000
6718eb2d50538de2c20a176a,,50.39,86.36,69.59,72.97,63;6;1;1,time,15,-1,0,15,0,0,false,false,english,none,normal,false,false,false,,1729686317000
6718eb1c50538de2c20a166a,,63.98,96.39,64.78,61.05,80;1;0;0,time,15,-1,0,15,0,0,false,false,english,none,normal,false,false,false,,1729686300000
6718eb0650538de2c20a1526,,51.17,94.94,63.17,66.42,64;0;1;2,time,15,-1,1,15.01,1,0.47,false,false,english,none,normal,false,false,false,,1729686278000
6718eaf450538de2c20a13ee,,60.79,84.78,71.18,73.47,76;8;0;4,time,15,-1,2,15,0,0.93,false,false,english,none,normal,false,false,false,,1729686259000
6718eade50538de2c20a12a7,,63.19,86.6,75.19,71.84,79;6;2;0,time,15,-1,0,15,0,0,false,false,english,none,normal,false,false,false,,1729686238000
6718eacc50538de2c20a1198,,51.97,94.44,55.17,63.37,65;0;0;1,time,15,-1,0,15.01,0,0,false,false,english,none,normal,false,false,false,,1729686220000
6718eabb50538de2c20a109d,,58.4,87.5,75.99,60.99,73;6;1;2,time,15,-1,2,15,1,9.35,false,false,english,none,normal,false,false,false,,1729686203000
6717b2cc50538de2c2fb8e13,,72.79,97.85,72.79,64.57,91;0;0;0,time,15,-1,0,15,0,0,false,false,english,none,normal,false,false,false,,1729606348000
6717b2ba50538de2c2fb8cb2,,56.77,98.61,56.77,64.98,71;0;0;0,time,15,-1,3,15.01,1,3.45,false,false,english,none,normal,false,false,false,,1729606330000
6717b2a250538de2c2fb8ada,,74.31,98.94,74.31,78.62,93;0;0;0,time,15,-1,3,15.02,0,9.49,false,false,english,none,normal,false,false,false,,1729606306000
6717b26f50538de2c2fb8712,,62.39,91.09,79.99,68.63,78;4;1;0,time,15,-1,1,15,0,0.19,false,false,english,none,normal,false,false,false,,1729606255000
67164e1e50538de2c2e9ec47,,73.57,90.74,86.37,71.67,92;7;0;0,time,15,-1,0,15.01,0,0,false,false,english,none,normal,false,false,false,,1729515038000
67164e0c50538de2c2e9eb19,,39.99,77.5,60.78,74.69,50;10;0;4,time,15,-1,0,15,0,0,false,false,english,none,normal,false,false,false,,1729515020000
67164df850538de2c2e9e9d8,,75.99,96.23,83.98,73.42,95;0;1;1,time,15,-1,0,15,0,0,false,false,english,none,normal,false,false,false,,1729515000000
67164de450538de2c2e9e88e,,55.18,87.95,64.78,54.88,69;6;0;2,time,15,-1,0,15,0,0,false,false,english,none,normal,false,false,false,,1729514980000
67164dc650538de2c2e9e6ce,,75.18,98.95,75.18,72.55,94;0;0;0,time,15,-1,0,15,0,0,false,false,english,none,normal,false,false,false,,1729514950000
67164db150538de2c2e9e558,,63.16,95.74,75.15,70.6,79;0;1;2,time,15,-1,1,15.01,0,1.47,false,false,english,none,normal,false,false,false,,1729514929000
67164d9a50538de2c2e9e3fc,,62.35,86.79,83.13,75.51,78;6;2;2,time,15,-1,0,15.01,0,0,false,false,english,none,normal,false,false,false,,1729514906000
67164d8850538de2c2e9e2c3,,28.79,78.13,51.17,42.57,36;5;5;2,time,15,-1,1,15.01,1,2,false,false,english,none,normal,false,false,false,,1729514888000
67164d7250538de2c2e9e17a,,57.57,90.36,59.97,53,72;0;0;1,time,15,-1,0,15.01,0,0,false,false,english,none,normal,false,false,false,,1729514866000
67164d6150538de2c2e9e064,,67.96,100,67.96,75.46,85;0;0;0,time,15,-1,0,15.01,0,0,false,false,english,none,normal,false,false,false,,1729514849000
67164d4f50538de2c2e9df7c,,65.59,95.35,65.59,58.04,82;0;0;0,time,15,-1,0,15,0,0,false,false,english,none,normal,false,false,false,,1729514831000
67164d3b50538de2c2e9de4e,,78.38,98.02,78.38,70.07,98;0;0;0,time,15,-1,0,15,0,0,false,false,english,none,normal,false,false,false,,1729514811000
67164b4450538de2c2e9c0d6,,71.14,91.07,89.53,81.14,89;5;2;0,time,15,-1,4,15.01,0,7.09,false,false,english,none,normal,false,false,false,,1729514308000
67164b2650538de2c2e9bf3e,,58.4,89.13,73.6,73.47,73;6;1;1,time,15,-1,1,15,0,0.15,false,false,english,none,normal,false,false,false,,1729514278000
67164b0f50538de2c2e9be11,,59.15,88.17,71.94,71.03,74;6;0;1,time,15,-1,0,15.01,0,0,false,false,english,none,normal,false,false,false,,1729514255000
67164afc50538de2c2e9bcf6,,71.2,96.84,75.2,73.79,89;1;0;1,time,15,-1,2,15,0,2.18,false,false,english,none,normal,false,false,false,,1729514236000
67164acc50538de2c2e9ba38,,58.39,96.1,58.39,52.43,73;0;0;0,time,15,-1,3,15,0,4.65,false,false,english,none,normal,false,false,false,,1729514188000
67164ab450538de2c2e9b8bf,,55.99,86.32,74.39,75.77,70;6;2;1,time,15,-1,0,15,0,0,false,false,english,none,normal,false,false,false,,1729514164000
67164a9f50538de2c2e9b7a1,,70.36,97.78,70.36,76.43,88;0;0;0,time,15,-1,3,15.01,0,12.9,false,false,english,none,normal,false,false,false,,1729514143000
67164a5950538de2c2e9b353,true,91.2,100,91.2,84.96,114;0;0;0,time,15,-1,0,15,0,0,false,false,english,none,normal,false,false,false,,1729514073000
67164a4450538de2c2e9b29e,,66.4,88.89,79.2,69.8,83;9;0;1,time,15,-1,0,15,0,0,false,false,english,none,normal,false,false,false,,1729514052000
67164a0f50538de2c2e9b043,,76.79,91.59,83.99,64.97,96;4;1;1,time,15,-1,0,15,0,0,false,false,english,none,normal,false,false,false,,1729513999000
67164a0050538de2c2e9af2f,,72.74,90,85.53,70.27,91;4;1;1,time,15,-1,1,15.01,0,1.52,false,false,english,none,normal,false,false,false,,1729513984000
671649c050538de2c2e9ab88,,71.99,85.71,89.59,80.52,90;12;1;1,time,15,-1,0,15,0,0,false,false,english,none,normal,false,false,false,,1729513920000
6716496450538de2c2e9a62f,,69.6,91.18,80,66.39,87;3;1;1,time,15,-1,1,15,0,1.26,false,false,english,none,normal,false,false,false,,1729513828000
6716491250538de2c2e9a16d,,64.75,93.75,76.74,72.17,81;3;0;1,time,15,-1,0,15.01,0,0,false,false,english,none,normal,false,false,false,,1729513746000
6716490050538de2c2e9a05e,,63.97,92.31,70.37,60.34,80;3;0;0,time,15,-1,1,15.01,0,8.12,false,false,english,none,normal,false,false,false,,1729513728000
671648e250538de2c2e99ea4,,51.2,84.21,73.6,59.8,64;9;0;4,time,15,-1,0,15,0,0,false,false,english,none,normal,false,false,false,,1729513698000
671648b750538de2c2e99c39,,61.58,82.69,81.57,66.5,77;8;3;1,time,15,-1,0,15.01,0,0,false,false,english,none,normal,false,false,false,,1729513655000
6716488650538de2c2e9996d,,69.59,91.43,80.79,62.4,87;2;2;1,time,15,-1,0,15,0,0,false,false,english,none,normal,false,false,false,,1729513606000
6716484c50538de2c2e99621,,27.99,95.24,33.59,4.41,35;1;0;0,time,15,-1,0,15,7,0,false,false,english,none,normal,false,false,false,,1729513548000
6714b6c2da330b33d221a4d8,,65.54,91,77.53,70.17,82;4;0;0,time,15,-1,0,15.01,0,0,false,false,english,none,normal,false,false,false,,1729410754000
6714b64dda330b33d221a0c4,,62.4,93.1,66.4,61.11,78;1;0;1,time,15,-1,0,15,0,0,false,false,english,none,normal,false,false,false,,1729410637000
6714b61dda330b33d2219f1f,,57.59,84.95,71.98,67.11,72;7;1;0,time,15,-1,0,15,0,0,false,false,english,none,normal,false,false,false,,1729410589000
6714b60bda330b33d2219e86,,67.99,91.75,74.39,64.36,85;1;2;0,time,15,-1,0,15,0,0,false,false,english,none,normal,false,false,false,,1729410571000
6714b5fada330b33d2219df7,,51.16,90.79,57.55,57.72,64;2;0;0,time,15,-1,0,15.01,0,0,false,false,english,none,normal,false,false,false,,1729410554000
6714b5e8da330b33d2219d6a,,66.4,87.88,77.6,56.9,83;7;0;2,time,15,-1,0,15,0,0,false,false,english,none,normal,false,false,false,,1729410536000
6714b5abda330b33d2219b57,,55.96,86.52,65.56,55.47,70;4;0;0,time,15,-1,0,15.01,0,0,false,false,english,none,normal,false,false,false,,1729410475000
6714b591da330b33d2219a62,,55.17,84.44,67.16,65.05,69;4;1;1,time,15,-1,1,15.01,0,0.91,false,false,english,none,normal,false,false,false,,1729410449000
6714b57dda330b33d22199a2,,62.37,87.63,74.36,70.73,78;6;1;0,time,15,-1,0,15.01,0,0,false,false,english,none,normal,false,false,false,,1729410429000
6714b55eda330b33d221987e,,40.78,90.16,47.97,32.22,51;3;0;1,time,15,-1,0,15.01,3,0,false,false,english,none,normal,false,false,false,,1729410398000
6714b3bbda330b33d2218ab0,true,89.58,97.46,94.38,82.1,112;2;0;1,time,15,-1,1,15,0,0.07,false,false,english,none,normal,false,false,false,,1729409979000
6714b3a5da330b33d22189f7,,77.58,93.4,83.18,79.03,97;4;0;0,time,15,-1,1,15,0,0.01,false,false,english,none,normal,false,false,false,,1729409957000
6714b392da330b33d2218955,,63.14,87.61,90.32,76.32,79;9;0;1,time,15,-1,0,15.01,0,0,false,false,english,none,normal,false,false,false,,1729409938000
6714b381da330b33d22188be,,68,89.11,78.4,73.18,85;6;1;0,time,15,-1,11,15,0,34.02,false,false,english,none,normal,false,false,false,,1729409920000
6714b334da330b33d2218646,,63.14,87.5,83.12,72.4,79;8;0;4,time,15,-1,3,15.01,0,8.67,false,false,english,none,normal,false,false,false,,1729409844000
6714b310da330b33d2218504,,85.56,99.08,85.56,79.61,107;0;0;0,time,15,-1,1,15.01,0,9.41,false,false,english,none,normal,false,false,false,,1729409808000
6714b2f4da330b33d2218423,,72.76,92.52,83.95,83.13,91;2;1;1,time,15,-1,0,15.01,0,0,false,false,english,none,normal,false,false,false,,1729409780000
6714b2bdda330b33d2218248,true,85.58,99.07,85.58,75.05,107;0;0;0,time,15,-1,0,15,0,0,false,false,english,none,normal,false,false,false,,1729409725000
6714b2aada330b33d22181a9,,66.34,90.32,72.74,71.03,83;4;1;1,time,15,-1,1,15.01,0,6.7,false,false,english,none,normal,false,false,false,,1729409706000
6714b28cda330b33d22180bf,,55.16,87.23,75.14,69.47,69;6;1;4,time,15,-1,1,15.01,0,2.86,false,false,english,none,normal,false,false,false,,1729409676000
6714b275da330b33d2218006,,58.39,94.19,68.79,74.16,73;2;1;0,time,15,-1,0,15,0,0,false,false,english,none,normal,false,false,false,,1729409653000
6714b263da330b33d2217f76,,57.58,83.33,81.58,79.77,72;11;0;4,time,15,-1,1,15,0,3.49,false,false,english,none,normal,false,false,false,,1729409635000
67131ef2da330b33d213d268,,24.78,89.74,29.58,51.84,31;1;0;0,time,15,-1,0,15.01,0,0,false,false,english,none,normal,false,false,false,,1729306354000
670e573e3b43e6c05d058d09,,47.19,79.38,75.99,57.45,59;8;5;2,time,15,-1,7,15,0,17.67,false,false,english,none,normal,false,false,false,,1728993086000
670e56f93b43e6c05d058950,,69.58,94,79.97,75.1,87;3;1;0,time,15,-1,0,15.01,0,0,false,false,english,none,normal,false,false,false,,1728993017000
670e56e83b43e6c05d058867,,70.38,93.33,83.97,81.19,88;4;0;0,time,15,-1,0,15.01,0,0,false,false,english,none,normal,false,false,false,,1728993000000
670e56d73b43e6c05d058785,,56.74,83.18,84.71,81.64,71;10;2;0,time,15,-1,0,15.02,0,0,false,false,english,none,normal,false,false,false,,1728992983000
670e56c53b43e6c05d058695,,50.35,86.59,64.74,61.72,63;7;0;2,time,15,-1,4,15.01,0,11.23,false,false,english,none,normal,false,false,false,,1728992965000
670e568e3b43e6c05d058394,,75.16,95.15,79.96,65.6,94;2;0;1,time,15,-1,0,15.01,0,0,false,false,english,none,normal,false,false,false,,1728992910000
670e567e3b43e6c05d05828d,,71.99,97.85,71.99,67.11,90;0;0;0,time,15,-1,0,15,0,0,false,false,english,none,normal,false,false,false,,1728992894000
670e566c3b43e6c05d05818e,,66.4,93.41,70.4,74.14,83;2;0;0,time,15,-1,0,15,0,0,false,false,english,none,normal,false,false,false,,1728992876000
670e565b3b43e6c05d058078,,51.98,82.61,71.98,64.36,65;9;1;1,time,15,-1,4,15.01,0,16.67,false,false,english,none,normal,false,false,false,,1728992859000
670e562c3b43e6c05d057df8,,72.79,92.38,82.38,71.91,91;3;1;0,time,15,-1,2,15,0,4.16,false,false,english,none,normal,false,false,false,,1728992812000
670e56103b43e6c05d057c87,,83.96,100,83.96,79.8,105;0;0;0,time,15,-1,0,15.01,0,0,false,false,english,none,normal,false,false,false,,1728992784000
670e55fa3b43e6c05d057b64,,74.39,98.95,74.39,70.23,93;0;0;0,time,15,-1,0,15,0,0,false,false,english,none,normal,false,false,false,,1728992762000
670e55e83b43e6c05d057a69,,60.77,89.36,73.56,63.87,76;4;2;0,time,15,-1,0,15.01,0,0,false,false,english,none,normal,false,false,false,,1728992744000
670e55d73b43e6c05d057975,,62.38,83.51,73.58,70.2,78;6;2;0,time,15,-1,0,15,0,0,false,false,english,none,normal,false,false,false,,1728992727000
670e55a53b43e6c05d0576e6,,58.39,92.13,67.99,59.92,73;2;1;0,time,15,-1,0,15,0,0,false,false,english,none,normal,false,false,false,,1728992677000
670e55933b43e6c05d0575ef,,30.4,92.68,30.4,54.82,38;0;0;0,time,15,-1,0,15,0,0,false,false,english,none,normal,false,false,false,,1728992659000
670e55813b43e6c05d05750f,,51.19,94.12,51.19,42.28,64;0;0;0,time,15,-1,0,15,0,0,false,false,english,none,normal,false,false,false,,1728992641000
670e556e3b43e6c05d057402,,61.58,97.62,66.38,68.87,77;0;0;1,time,15,-1,0,15,0,0,false,false,english,none,normal,false,false,false,,1728992622000
670e555c3b43e6c05d057317,,49.56,92.75,52.76,56.71,62;2;0;1,time,15,-1,0,15.01,0,0,false,false,english,none,normal,false,false,false,,1728992604000
670e554a3b43e6c05d057232,,55.98,86.17,72.77,70.03,70;5;3;0,time,15,-1,0,15.01,0,0,false,false,english,none,normal,false,false,false,,1728992586000
670e55393b43e6c05d05713f,,46.4,84.15,64,48.03,58;5;2;2,time,15,-1,0,15,2,0,false,false,english,none,normal,false,false,false,,1728992569000
670e55233b43e6c05d05702b,,65.56,86.11,83.94,72.6,82;7;1;2,time,15,-1,0,15.01,0,0,false,false,english,none,normal,false,false,false,,1728992547000
670cd19d3b43e6c05df3d850,,63.19,88.66,76.78,77.51,79;6;1;1,time,15,-1,0,15,0,0,false,false,english,none,normal,false,false,false,,1728893341000
670cd18b3b43e6c05df3d779,,53.56,83.02,84.74,73.93,67;10;0;5,time,15,-1,0,15.01,0,0,false,false,english,none,normal,false,false,false,,1728893323000
670b72d63b43e6c05de64f9c,,73.58,96.94,77.57,70.5,92;1;0;0,time,15,-1,0,15.01,0,0,false,false,english,none,normal,false,false,false,,1728803542000
670b72c43b43e6c05de64eef,,44.79,86.49,53.59,61.94,56;1;1;0,time,15,-1,1,15,0,8.54,false,false,english,none,normal,false,false,false,,1728803524000
670b72a73b43e6c05de64dbd,,61.56,91.75,73.55,73,77;2;1;0,time,15,-1,0,15.01,0,0,false,false,english,none,normal,false,false,false,,1728803495000
670b72963b43e6c05de64d1a,,59.2,89.77,64.8,61.72,74;0;1;0,time,15,-1,0,15,0,0,false,false,english,none,normal,false,false,false,,1728803478000
670b72843b43e6c05de64c58,,51.17,75.93,83.94,69.07,64;12;4;1,time,15,-1,0,15.01,0,0,false,false,english,none,normal,false,false,false,,1728803460000
670b57373b43e6c05de555db,,69.58,93.55,71.98,77.81,87;2;0;1,time,15,-1,0,15.01,0,0,false,false,english,none,normal,false,false,false,,1728796471000
670b57263b43e6c05de55559,,44.8,86.9,64,63.82,56;4;0;2,time,15,-1,0,15,0,0,false,false,english,none,normal,false,false,false,,1728796454000
670b57143b43e6c05de554ce,,59.97,82.57,85.55,79.61,75;8;6;0,time,15,-1,1,15.01,0,0.22,false,false,english,none,normal,false,false,false,,1728796436000
670b55ff3b43e6c05de54bd7,,62.38,90.48,83.97,77.87,78;3;3;0,time,15,-1,0,15.01,0,0,false,false,english,none,normal,false,false,false,,1728796159000
670b55df3b43e6c05de54ad0,,81.58,100,81.58,77.73,102;0;0;0,time,15,-1,0,15,0,0,false,false,english,none,normal,false,false,false,,1728796127000
670b55c73b43e6c05de54a13,,56.8,85.11,72,65.8,71;8;0;2,time,15,-1,0,15,0,0,false,false,english,none,normal,false,false,false,,1728796103000
670b55ab3b43e6c05de54920,,78.36,96.15,83.16,79.97,98;2;1;0,time,15,-1,0,15.01,0,0,false,false,english,none,normal,false,false,false,,1728796075000
670b55413b43e6c05de54564,,28.78,76.81,54.36,43.13,36;7;2;2,time,15,-1,0,15.01,2,0,false,false,english,none,normal,false,false,false,,1728795969000
670b54813b43e6c05de53ec2,,56,89.89,68.8,80.09,70;3;1;0,time,15,-1,0,15,0,0,false,false,english,none,normal,false,false,false,,1728795777000
670b546f3b43e6c05de53e15,,35.2,78.16,68.8,78.93,44;11;0;0,time,15,-1,0,15,0,0,false,false,english,none,normal,false,false,false,,1728795759000
670b545d3b43e6c05de53d76,,51.2,83.33,75.99,81.25,64;10;0;0,time,15,-1,0,15,0,0,false,false,english,none,normal,false,false,false,,1728795741000
670b544c3b43e6c05de53cee,,49.6,87.18,59.2,64.07,62;4;0;1,time,15,-1,0,15,0,0,false,false,english,none,normal,false,false,false,,1728795724000
670b543a3b43e6c05de53c51,,54.3,82.47,74.26,68.63,68;8;0;9,time,15,-1,0,15.03,0,0,false,false,english,none,normal,false,false,false,,1728795706000
670b54193b43e6c05de53b46,,27.2,97.14,27.2,53.99,34;0;0;0,time,15,-1,0,15,1,0,false,false,english,none,normal,false,false,false,,1728795673000
670b53f93b43e6c05de53a31,,60.79,92.31,72.79,84.69,76;4;0;0,time,15,-1,0,15,0,0,false,false,english,none,normal,false,false,false,,1728795641000
670b53e63b43e6c05de5398a,,57.59,90.59,67.19,77.07,72;5;0;2,time,15,-1,0,15,0,0,false,false,english,none,normal,false,false,false,,1728795622000
670b53ca3b43e6c05de5389d,,63.18,92,79.98,85.86,79;5;0;1,time,15,-1,0,15,0,0,false,false,english,none,normal,false,false,false,,1728795594000
670a285f3b43e6c05ddae6e6,,64.8,95.7,74.4,79.43,81;2;0;0,time,15,-1,0,15,0,0,false,false,english,none,normal,false,false,false,,1728718943000
670a28423b43e6c05ddae5ec,,67.2,94.85,76.79,86.32,84;2;0;0,time,15,-1,0,15,0,0,false,false,english,none,normal,false,false,false,,1728718914000
670a28273b43e6c05ddae4ec,,52.67,87.64,71.02,75.8,66;7;0;0,time,15,-1,0,15.04,0,0,false,false,english,none,normal,false,false,false,,1728718887000
670a28053b43e6c05ddae3d6,,53.59,82.47,75.18,81.39,67;8;1;1,time,15,-1,0,15,0,0,false,false,english,none,normal,false,false,false,,1728718853000
670925ab3b43e6c05dd01f44,,78.34,98.02,78.34,68.63,98;0;0;0,time,15,-1,0,15.01,0,0,false,false,english,none,normal,false,false,false,,1728652715000
67091eb33b43e6c05dcfb72e,,62.39,88.42,74.39,69.13,78;6;1;1,time,15,-1,0,15,0,0,false,false,english,none,normal,false,false,false,,1728650931000
67091cf63b43e6c05dcf9e00,,59.16,93.83,62.36,56.32,74;2;0;0,time,15,-1,0,15.01,0,0,false,false,english,none,normal,false,false,false,,1728650486000
67091ce53b43e6c05dcf9cf3,,69.58,90.38,82.37,69.99,87;5;1;0,time,15,-1,1,15.01,0,2.62,false,false,english,none,normal,false,false,false,,1728650469000
67091c133b43e6c05dcf9150,,45.59,82.67,51.99,51.1,57;3;1;0,time,15,-1,0,15,0,0,false,false,english,none,normal,false,false,false,,1728650259000
67091c013b43e6c05dcf9050,,67.98,97.7,67.98,62.14,85;0;0;0,time,15,-1,0,15.01,0,0,false,false,english,none,normal,false,false,false,,1728650241000
67091bf03b43e6c05dcf8f6f,,22.39,79.55,33.58,20.7,28;3;1;1,time,15,-1,0,15.01,4,0,false,false,english,none,normal,false,false,false,,1728650224000
67091a0c3b43e6c05dcf75d8,,60.78,95,60.78,63.36,76;0;0;0,time,15,-1,0,15.01,0,0,false,false,english,none,normal,false,false,false,,1728649740000
670919f93b43e6c05dcf74f2,,51.19,83.15,69.59,60.87,64;8;1;2,time,15,-1,0,15,0,0,false,false,english,none,normal,false,false,false,,1728649721000
670919e93b43e6c05dcf7430,,64,90.53,75.19,67.56,80;4;1;1,time,15,-1,0,15,0,0,false,false,english,none,normal,false,false,false,,1728649705000
670919d63b43e6c05dcf7339,,59.96,85.44,79.15,67.28,75;3;5;1,time,15,-1,0,15.01,0,0,false,false,english,none,normal,false,false,false,,1728649686000
6709193a3b43e6c05dcf6b89,,37.57,81.08,57.56,64.93,47;7;1;2,time,15,-1,0,15.01,0,0,false,false,english,none,normal,false,false,false,,1728649530000
670919273b43e6c05dcf6a92,,45.56,81.11,71.14,68.38,57;6;3;4,time,15,-1,1,15.01,0,8.96,false,false,english,none,normal,false,false,false,,1728649511000
6709190b3b43e6c05dcf6918,,51.97,83.54,58.36,53.83,65;6;1;0,time,15,-1,0,15.01,0,0,false,false,english,none,normal,false,false,false,,1728649483000
670918f93b43e6c05dcf6833,,75.14,98.95,75.14,77.18,94;0;0;0,time,15,-1,0,15.01,0,0,false,false,english,none,normal,false,false,false,,1728649465000
670918cb3b43e6c05dcf6621,,63.97,92.47,72.77,74.19,80;3;0;2,time,15,-1,0,15.01,0,0,false,false,english,none,normal,false,false,false,,1728649419000
670918a73b43e6c05dcf6450,,53.57,87.5,58.36,60.89,67;1;1;0,time,15,-1,0,15.01,0,0,false,false,english,none,normal,false,false,false,,1728649383000
670918953b43e6c05dcf6377,,56.8,85.56,69.6,63.5,71;6;1;1,time,15,-1,0,15,0,0,false,false,english,none,normal,false,false,false,,1728649365000
670918843b43e6c05dcf62a9,,63.18,89.69,77.58,75.47,79;4;3;1,time,15,-1,0,15,0,0,false,false,english,none,normal,false,false,false,,1728649348000
670918463b43e6c05dcf5fb3,,71.2,93.88,75.99,73.87,89;2;0;0,time,15,-1,0,15,0,0,false,false,english,none,normal,false,false,false,,1728649286000
670918343b43e6c05dcf5ef3,,75.2,96.08,81.6,77.73,94;3;0;0,time,15,-1,0,15,0,0,false,false,english,none,normal,false,false,false,,1728649268000
6709180f3b43e6c05dcf5d38,,62.37,93.41,70.36,67.89,78;1;0;2,time,15,-1,0,15.01,0,0,false,false,english,none,normal,false,false,false,,1728649231000
670917fd3b43e6c05dcf5c6b,,63.18,98.75,63.18,67.41,79;0;0;0,time,15,-1,0,15.01,0,0,false,false,english,none,normal,false,false,false,,1728649213000
670917ec3b43e6c05dcf5baa,,71.17,95.74,73.57,71.18,89;2;0;0,time,15,-1,0,15.01,0,0,false,false,english,none,normal,false,false,false,,1728649196000
670917c83b43e6c05dcf5a05,,63.16,86.87,78.35,70.83,79;8;2;0,time,15,-1,0,15.01,0,0,false,false,english,none,normal,false,false,false,,1728649160000
670917b43b43e6c05dcf591d,,77.57,97.06,80.77,77.09,97;2;0;0,time,15,-1,0,15.01,0,0,false,false,english,none,normal,false,false,false,,1728649140000
670917a33b43e6c05dcf5862,,55.14,93.67,61.54,66.42,69;2;0;0,time,15,-1,0,15.02,0,0,false,false,english,none,normal,false,false,false,,1728649123000
670917923b43e6c05dcf578f,,55.19,79.21,80.79,77.99,69;15;2;2,time,15,-1,0,15,0,0,false,false,english,none,normal,false,false,false,,1728649106000
670917803b43e6c05dcf56d2,,69.59,96.81,75.19,75.65,87;2;0;0,time,15,-1,0,15,0,0,false,false,english,none,normal,false,false,false,,1728649088000
6709175b3b43e6c05dcf5511,,58.38,90.59,67.98,68,73;6;0;2,time,15,-1,0,15.01,0,0,false,false,english,none,normal,false,false,false,,1728649051000
6709160a3b43e6c05dcf44e2,,72,92.16,81.59,74.7,90;5;1;1,time,15,-1,0,15,0,0,false,false,english,none,normal,false,false,false,,1728648714000
670910783b43e6c05dcf0284,,70.37,95.74,74.37,66.81,88;2;0;1,time,15,-1,1,15.01,0,8.93,false,false,english,none,normal,false,false,false,,1728647288000
670779523b43e6c05dbc0de3,,55.99,79.61,81.58,78.16,70;12;3;0,time,15,-1,0,15,0,0,false,false,english,none,normal,false,false,false,,1728543058000
67076cd83b43e6c05dbb8d2a,,71.98,91.09,80.78,79.37,90;7;0;2,time,15,-1,0,15,0,0,false,false,english,none,normal,false,false,false,,1728539864000
67076c903b43e6c05dbb8a65,,67.96,88.54,75.96,78.81,85;7;0;9,time,15,-1,0,15.01,0,0,false,false,english,none,normal,false,false,false,,1728539792000
67076c7f3b43e6c05dbb89c5,,53.59,85.39,68.79,64.94,67;7;0;2,time,15,-1,1,15,0,2.38,false,false,english,none,normal,false,false,false,,1728539775000
67076bc03b43e6c05dbb81eb,,60,84.16,80.79,78.67,75;9;2;1,time,15,-1,1,15,0,5.98,false,false,english,none,normal,false,false,false,,1728539584000
67076b6d3b43e6c05dbb7e9a,,75.19,93.64,87.99,84.52,94;4;0;2,time,15,-1,0,15,0,0,false,false,english,none,normal,false,false,false,,1728539501000
67076b463b43e6c05dbb7d23,,31.18,76.92,41.57,66.92,39;9;1;1,time,15,-1,0,15.01,0,0,false,false,english,none,normal,false,false,false,,1728539461000
67076af03b43e6c05dbb7a0d,,51.16,83.51,77.54,75.47,64;8;2;2,time,15,-1,0,15.01,0,0,false,false,english,none,normal,false,false,false,,1728539376000
67076ad13b43e6c05dbb78da,,62.35,88.79,85.53,80.94,78;7;0;1,time,15,-1,0,15.01,0,0,false,false,english,none,normal,false,false,false,,1728539345000
67076abe3b43e6c05dbb7839,,53.6,78.3,84.8,84.1,67;14;2;2,time,15,-1,0,15,0,0,false,false,english,none,normal,false,false,false,,1728539326000
67076aa53b43e6c05dbb774f,true,84.73,97.37,90.33,77.57,106;0;1;0,time,15,-1,1,15.01,0,2.23,false,false,english,none,normal,false,false,false,,1728539301000
670767263b43e6c05dbb5501,,68.78,95.74,74.38,82.07,86;1;1;0,time,15,-1,0,15.01,0,0,false,false,english,none,normal,false,false,false,,1728538406000
670767043b43e6c05dbb53b9,,54.39,84.88,66.38,62.09,68;8;0;1,time,15,-1,0,15,0,0,false,false,english,none,normal,false,false,false,,1728538372000
670766c63b43e6c05dbb5141,,68.74,97.87,75.13,81.15,86;1;0;1,time,15,-1,0,15.01,0,0,false,false,english,none,normal,false,false,false,,1728538310000
670766b43b43e6c05dbb509b,,46.35,85.14,55.94,56.59,58;4;0;1,time,15,-1,0,15.02,0,0,false,false,english,none,normal,false,false,false,,1728538292000
6707667e3b43e6c05dbb4e82,,24.79,77.78,35.99,40.72,31;7;1;0,time,15,-1,0,15,1,0,false,false,english,none,normal,false,false,false,,1728538238000
670766643b43e6c05dbb4d78,,62.34,92.13,70.33,81.06,78;4;0;1,time,15,-1,1,15.02,0,3.29,false,false,english,none,normal,false,false,false,,1728538212000
6707664c3b43e6c05dbb4c8d,,59.15,89.36,73.54,66.3,74;4;1;1,time,15,-1,0,15.01,0,0,false,false,english,none,normal,false,false,false,,1728538188000
6707663b3b43e6c05dbb4bec,,67.17,94.57,72.77,61.96,84;2;0;1,time,15,-1,0,15.01,0,0,false,false,english,none,normal,false,false,false,,1728538171000
670766263b43e6c05dbb4b22,,55.95,85.39,68.74,58.53,70;7;0;4,time,15,-1,0,15.01,0,0,false,false,english,none,normal,false,false,false,,1728538150000
67075b963b43e6c05dbae79f,,67.19,93.14,80.79,82.85,84;3;0;0,time,15,-1,0,15,0,0,false,false,english,none,normal,false,false,false,,1728535446000
67074a533b43e6c05dba3c22,,62.39,90.53,73.59,81.17,78;4;0;0,time,15,-1,0,15,0,0,false,false,english,none,normal,false,false,false,,1728531027000
67069ba73b43e6c05db1d67d,,73.59,100,73.59,83.3,92;0;0;0,time,15,-1,0,15,0,0,false,false,english,none,normal,false,false,false,,1728486311000
67069b963b43e6c05db1d52b,,47.99,86.17,75.19,71.78,60;7;0;4,time,15,-1,0,15,0,0,false,false,english,none,normal,false,false,false,,1728486294000
6706992f3b43e6c05db1a723,,51.96,93.15,55.96,61.86,65;2;0;0,time,15,-1,0,15.01,0,0,false,false,english,none,normal,false,false,false,,1728485679000
6706991c3b43e6c05db1a5bb,,36.78,76.39,55.17,54.92,46;10;1;2,time,15,-1,0,15.01,0,0,false,false,english,none,normal,false,false,false,,1728485660000
6706990c3b43e6c05db1a47f,,48.79,83.53,61.59,63.75,61;2;0;2,time,15,-1,0,15,0,0,false,false,english,none,normal,false,false,false,,1728485644000
670698fa3b43e6c05db1a31d,,55.95,85.56,70.33,70.82,70;7;0;11,time,15,-1,0,15.01,0,0,false,false,english,none,normal,false,false,false,,1728485626000
670698e93b43e6c05db1a1cd,,43.19,79.73,55.19,56.59,54;3;5;1,time,15,-1,1,15,0,6.65,false,false,english,none,normal,false,false,false,,1728485609000
670698cf3b43e6c05db19fcb,,42.38,78.05,63.97,58.39,53;10;1;2,time,15,-1,0,15.01,0,0,false,false,english,none,normal,false,false,false,,1728485583000
670698bd3b43e6c05db19e78,,64.77,94.62,73.56,71.63,81;2;0;2,time,15,-1,0,15.01,0,0,false,false,english,none,normal,false,false,false,,1728485565000
670698ab3b43e6c05db19d24,,58.37,90.32,72.77,65.57,73;3;1;1,time,15,-1,0,15.01,0,0,false,false,english,none,normal,false,false,false,,1728485547000
6706988d3b43e6c05db19ad3,,40.76,80.28,54.35,63.45,51;8;1;2,time,15,-1,0,15.01,0,0,false,false,english,none,normal,false,false,false,,1728485517000
6706987b3b43e6c05db1997f,,59.99,96.15,59.99,66.18,75;0;0;0,time,15,-1,0,15,0,0,false,false,english,none,normal,false,false,false,,1728485499000
670698583b43e6c05db196c6,,41.57,76.92,71.94,71.47,52;6;10;1,time,15,-1,0,15.01,0,0,false,false,english,none,normal,false,false,false,,1728485464000
670698473b43e6c05db1958e,,56,89.29,62.4,65.63,70;2;0;1,time,15,-1,0,15,0,0,false,false,english,none,normal,false,false,false,,1728485447000
6706982d3b43e6c05db1939b,,77.55,100,77.55,73.6,97;0;0;0,time,15,-1,1,15.01,0,7.27,false,false,english,none,normal,false,false,false,,1728485421000
6706980f3b43e6c05db19149,,76.76,97,79.96,80.51,96;2;0;1,time,15,-1,0,15.01,0,0,false,false,english,none,normal,false,false,false,,1728485391000
670697e53b43e6c05db18e34,,71.16,94.79,75.15,70.47,89;2;0;0,time,15,-1,0,15.01,0,0,false,false,english,none,normal,false,false,false,,1728485349000
670697c03b43e6c05db18b79,,42.23,89.73,45.06,42.78,254;7;1;0,quote,4346,1,0,72.18,0,0,false,false,english,none,normal,false,false,false,,1728485312000
6706975d3b43e6c05db18418,,64.86,98,65.75,68.74,145;0;0;2,quote,126,1,0,26.83,0,0,false,false,english,none,normal,false,false,false,,1728485213000
670697333b43e6c05db180e9,,39.18,82.89,59.97,69.88,49;7;1;3,time,15,-1,0,15.01,0,0,false,false,english,none,normal,false,false,false,,1728485171000
670697203b43e6c05db17f80,,52,85.88,64.8,66.73,65;5;0;2,time,15,-1,0,15,0,0,false,false,english,none,normal,false,false,false,,1728485152000
670696ff3b43e6c05db17ce7,,52.79,84.44,68.79,62.5,66;6;1;2,time,15,-1,1,15,0,11.3,false,false,english,none,normal,false,false,false,,1728485119000
670696df3b43e6c05db17a78,,47.97,85.37,63.96,70.99,60;6;0;3,time,15,-1,1,15.01,0,20.61,false,false,english,none,normal,false,false,false,,1728485087000
6706969a3b43e6c05db1754e,,55.97,84.69,78.36,77.05,70;9;2;1,time,15,-1,0,15.01,0,0,false,false,english,none,normal,false,false,false,,1728485018000
670696833b43e6c05db1736b,,59.2,84.95,72,71.63,74;8;0;2,time,15,-1,0,15,0,0,false,false,english,none,normal,false,false,false,,1728484995000
670696603b43e6c05db170c3,,71.93,93.94,76.73,67.84,90;1;0;2,time,15,-1,0,15.01,0,15.01,false,false,english,none,normal,false,false,false,,1728484960000
670695fb3b43e6c05db1692d,,59.19,80.58,81.58,72.96,74;12;3;0,time,15,-1,0,15,0,0,false,false,english,none,normal,false,false,false,,1728484859000
670695d93b43e6c05db166a0,,66.35,89.47,71.95,76.46,83;4;0;1,time,15,-1,0,15.01,0,15,false,false,english,none,normal,false,false,false,,1728484825000
6706958b3b43e6c05db1612e,,50.39,83.33,74.38,71.02,63;7;0;6,time,15,-1,0,15,0,0,false,false,english,none,normal,false,false,false,,1728484747000
670694c93b43e6c05db15300,,63.2,95.18,63.2,68.45,79;0;0;0,time,15,-1,1,15,0,0.23,false,false,english,none,normal,false,false,false,,1728484553000
6706949d3b43e6c05db14f7d,,63.15,95.45,70.34,78.56,79;0;3;0,time,15,-1,0,15.01,0,0,false,false,english,none,normal,false,false,false,,1728484509000
6706946f3b43e6c05db14bba,,59.15,93.67,59.15,59.32,74;0;0;0,time,15,-1,0,15.01,0,0,false,false,english,none,normal,false,false,false,,1728484463000
670694523b43e6c05db149ea,,59.18,90.48,65.58,71.73,74;3;1;1,time,15,-1,0,15,0,0,false,false,english,none,normal,false,false,false,,1728484434000
6706943f3b43e6c05db14882,,59.98,98.68,59.98,68.21,75;0;0;0,time,15,-1,0,15,0,0,false,false,english,none,normal,false,false,false,,1728484415000
670693fb3b43e6c05db1431e,,57.6,96,58.4,66.54,72;1;0;0,time,15,-1,0,15,0,0,false,false,english,none,normal,false,false,false,,1728484347000
670693e43b43e6c05db14129,,59.18,100,59.18,73.87,74;0;0;0,time,15,-1,2,15,0,12.27,false,false,english,none,normal,false,false,false,,1728484324000
670693bb3b43e6c05db13e0d,,66.35,98.81,66.35,73.28,83;0;0;0,time,15,-1,0,15.01,0,0,false,false,english,none,normal,false,false,false,,1728484283000
670693a73b43e6c05db13c8e,,62.37,97.5,62.37,75.63,78;0;0;0,time,15,-1,0,15.01,0,0,false,false,english,none,normal,false,false,false,,1728484263000
670693963b43e6c05db13b45,,48,87.84,56.8,69.97,60;3;1;1,time,15,-1,0,15,0,0,false,false,english,none,normal,false,false,false,,1728484246000
670693853b43e6c05db13a0b,,36.79,75.71,51.99,65.31,46;8;1;1,time,15,-1,0,15,0,0,false,false,english,none,normal,false,false,false,,1728484229000
670693723b43e6c05db138ab,,63.17,96.51,66.37,62.09,79;0;0;1,time,15,-1,0,15.01,0,0,false,false,english,none,normal,false,false,false,,1728484210000
670691a23b43e6c05db11538,,51.99,90.48,65.58,68.19,65;3;0;1,time,15,-1,0,15,0,0,false,false,english,none,normal,false,false,false,,1728483746000
670691583b43e6c05db10f7c,,58.4,92.86,66.4,66.89,73;2;0;4,time,15,-1,1,15,0,0.6,false,false,english,none,normal,false,false,false,,1728483672000
670691453b43e6c05db10dfd,,56.75,91.57,65.55,71.34,71;4;0;1,time,15,-1,0,15.01,0,0,false,false,english,none,normal,false,false,false,,1728483653000
670691323b43e6c05db10c7d,,45.59,82.5,60.79,63.36,57;5;2;2,time,15,-1,0,15,0,0,false,false,english,none,normal,false,false,false,,1728483634000
6706911c3b43e6c05db10ab9,,48.78,82.93,62.37,70.23,61;7;0;1,time,15,-1,0,15.01,0,0,false,false,english,none,normal,false,false,false,,1728483612000
6706910a3b43e6c05db1095f,,67.97,98.84,67.97,70.49,85;0;0;0,time,15,-1,0,15.01,0,0,false,false,english,none,normal,false,false,false,,1728483594000
670690f63b43e6c05db107cd,,60.76,92.13,68.76,70.19,76;2;0;1,time,15,-1,0,15.01,0,0,false,false,english,none,normal,false,false,false,,1728483574000
670690e23b43e6c05db1063b,,60.8,97.47,62.4,75.52,76;1;0;0,time,15,-1,1,15,0,7.4,false,false,english,none,normal,false,false,false,,1728483554000
670690c53b43e6c05db10413,,38.38,82.89,57.58,65.85,48;5;1;1,time,15,-1,1,15.01,0,6.08,false,false,english,none,normal,false,false,false,,1728483525000
670690ac3b43e6c05db10243,,74.38,96.88,74.38,69.38,93;0;0;0,time,15,-1,0,15,0,0,false,false,english,none,normal,false,false,false,,1728483500000
6706909a3b43e6c05db1011b,,64.77,94.51,69.56,60.8,81;1;0;0,time,15,-1,0,15.01,0,0,false,false,english,none,normal,false,false,false,,1728483482000
670690803b43e6c05db0ff1d,,53.58,76,79.97,68.22,67;16;2;6,time,15,-1,0,15.01,0,0,false,false,english,none,normal,false,false,false,,1728483456000
6706906f3b43e6c05db0fde5,,71.17,93.88,75.17,72.13,89;2;0;0,time,15,-1,0,15.01,0,0,false,false,english,none,normal,false,false,false,,1728483439000
6706905c3b43e6c05db0fc4d,,63.97,95.4,67.17,71.71,80;1;0;1,time,15,-1,0,15.01,0,0,false,false,english,none,normal,false,false,false,,1728483420000
6706904a3b43e6c05db0fafe,,54.4,87.5,76.79,81.25,68;7;0;1,time,15,-1,0,15,0,0,false,false,english,none,normal,false,false,false,,1728483402000
6706903a3b43e6c05db0f9cb,,39.18,80.26,58.38,65.85,49;7;0;1,time,15,-1,0,15.01,0,0,false,false,english,none,normal,false,false,false,,1728483386000
670690293b43e6c05db0f882,,62.35,92.78,77.54,71.84,78;3;1;2,time,15,-1,0,15.01,0,0,false,false,english,none,normal,false,false,false,,1728483369000
670690173b43e6c05db0f6ff,,69.6,91.18,80,75.87,87;5;0;1,time,15,-1,0,15,0,0,false,false,english,none,normal,false,false,false,,1728483351000
670690053b43e6c05db0f592,,75.93,97.96,77.53,75.72,95;1;0;0,time,15,-1,0,15.01,0,0,false,false,english,none,normal,false,false,false,,1728483333000
67068ff33b43e6c05db0f433,,52,85.71,72.8,71.47,65;7;1;1,time,15,-1,0,15,0,0,false,false,english,none,normal,false,false,false,,1728483315000
67068fcf3b43e6c05db0f18a,,41.59,76.84,75.98,74.43,52;8;6;5,time,15,-1,0,15,0,0,false,false,english,none,normal,false,false,false,,1728483279000
67068fa83b43e6c05db0eeb3,,75.12,97.92,75.12,74.61,94;0;0;0,time,15,-1,0,15.02,0,0,false,false,english,none,normal,false,false,false,,1728483240000
67068f643b43e6c05db0e9dd,,71.97,91.92,76.77,65.55,90;3;1;0,time,15,-1,0,15.01,0,0,false,false,english,none,normal,false,false,false,,1728483172000
67068f533b43e6c05db0e8a8,,53.57,86.02,73.56,77.04,67;5;2;6,time,15,-1,0,15.01,0,0,false,false,english,none,normal,false,false,false,,1728483155000
67068f413b43e6c05db0e748,,41.59,82.5,61.59,64,52;7;0;2,time,15,-1,0,15,0,0,false,false,english,none,normal,false,false,false,,1728483137000
67068f1b3b43e6c05db0e442,,64.8,94.38,68.8,72.85,81;1;0;0,time,15,-1,0,15,0,0,false,false,english,none,normal,false,false,false,,1728483099000
67068f073b43e6c05db0e29b,,61.19,91.35,71.59,70.37,153;4;3;1,time,30,-1,0,30.01,0,0,false,false,english,none,normal,false,false,false,,1728483079000
67068ec83b43e6c05db0ddd0,,63.16,97.53,63.16,71.47,79;0;0;0,time,15,-1,0,15.01,0,0,false,false,english,none,normal,false,false,false,,1728483016000
67068eb73b43e6c05db0dc7c,,59.17,96.1,59.17,65.26,74;0;0;0,time,15,-1,0,15.01,0,0,false,false,english,none,normal,false,false,false,,1728482999000
67068ea63b43e6c05db0db0f,,51.99,90.28,51.99,62.59,65;0;0;0,time,15,-1,0,15,0,0,false,false,english,none,normal,false,false,false,,1728482982000
67068e943b43e6c05db0d9c1,,42.35,85.53,59.93,68.21,53;7;0;0,time,15,-1,0,15.02,0,0,false,false,english,none,normal,false,false,false,,1728482964000
67068e833b43e6c05db0d87d,,64.76,96.43,64.76,65.63,81;0;0;0,time,15,-1,0,15.01,0,0,false,false,english,none,normal,false,false,false,,1728482947000
67068e723b43e6c05db0d756,,62.4,90.91,68.8,67.74,78;4;1;0,time,15,-1,0,15,0,0,false,false,english,none,normal,false,false,false,,1728482930000
67068e613b43e6c05db0d611,,56.78,92.41,59.18,55.94,71;1;0;0,time,15,-1,0,15,0,0,false,false,english,none,normal,false,false,false,,1728482913000
67068e453b43e6c05db0d3e0,,62.38,97.5,62.38,65.32,78;0;0;0,time,15,-1,0,15.01,0,0,false,false,english,none,normal,false,false,false,,1728482885000
67068e313b43e6c05db0d27c,,49.59,82.72,61.59,63.1,62;7;0;4,time,15,-1,0,15,0,0,false,false,english,none,normal,false,false,false,,1728482865000
67068e1f3b43e6c05db0d10a,,72.77,100,72.77,78.75,91;0;0;0,time,15,-1,0,15.01,0,0,false,false,english,none,normal,false,false,false,,1728482847000
67068e0d3b43e6c05db0cfa3,,55.19,88.04,73.59,75.55,69;6;0;2,time,15,-1,0,15,0,0,false,false,english,none,normal,false,false,false,,1728482829000
67068dd13b43e6c05db0cb18,,43.99,87.32,54.39,45.39,55;5;0;3,time,15,-1,0,15,1,0,false,false,english,none,normal,false,false,false,,1728482769000
67068dc03b43e6c05db0c9be,,55.2,92.31,59.2,70.05,69;1;0;0,time,15,-1,0,15,0,0,false,false,english,none,normal,false,false,false,,1728482752000
67068daf3b43e6c05db0c88f,,51.2,88.46,59.2,58.37,64;2;1;1,time,15,-1,0,15,0,0,false,false,english,none,normal,false,false,false,,1728482735000
67068d9d3b43e6c05db0c756,,66.38,96.55,69.58,83.11,83;2;0;1,time,15,-1,0,15,0,0,false,false,english,none,normal,false,false,false,,1728482717000
67068d7b3b43e6c05db0c4f9,,58.39,92.77,64.79,70.59,73;3;0;0,time,15,-1,0,15,0,0,false,false,english,none,normal,false,false,false,,1728482683000
67068d6a3b43e6c05db0c3b5,,62.39,98.73,62.39,65.71,78;0;0;0,time,15,-1,0,15,0,0,false,false,english,none,normal,false,false,false,,1728482666000
67068d3e3b43e6c05db0c098,,58.4,95.06,64.8,69.91,73;2;0;1,time,15,-1,0,15,0,0,false,false,english,none,normal,false,false,false,,1728482622000
67068d2d3b43e6c05db0bf85,,60,91.76,68,67.36,75;4;1;1,time,15,-1,0,15,0,0,false,false,english,none,normal,false,false,false,,1728482605000
67068d1c3b43e6c05db0be63,,58.39,91.46,63.19,63.51,73;4;0;0,time,15,-1,0,15,0,0,false,false,english,none,normal,false,false,false,,1728482588000
67068d093b43e6c05db0bd1f,,25.57,78,39.16,42.65,32;3;4;6,time,15,-1,0,15.02,2,0,false,false,english,none,normal,false,false,false,,1728482569000
67068cec3b43e6c05db0bb1b,,41.59,87.69,47.19,54.16,52;1;0;1,time,15,-1,1,15,0,0.12,false,false,english,none,normal,false,false,false,,1728482540000
67068cd73b43e6c05db0b9c4,,58.36,94.94,60.76,67.88,73;0;0;1,time,15,-1,0,15.01,0,0,false,false,english,none,normal,false,false,false,,1728482519000
67068c683b43e6c05db0b1ee,,67.19,91.92,79.19,78.01,84;5;1;0,time,15,-1,0,15,0,0,false,false,english,none,normal,false,false,false,,1728482408000
67068c413b43e6c05db0af08,,76.79,96.15,81.59,77.37,96;1;0;0,time,15,-1,0,15,0,0,false,false,english,none,normal,false,false,false,,1728482369000
67068c2f3b43e6c05db0adc4,,54.36,91.03,59.96,62.07,68;3;0;1,time,15,-1,0,15.01,0,0,false,false,english,none,normal,false,false,false,,1728482351000
67068c1d3b43e6c05db0ac7c,,71.16,97.96,77.56,75.72,89;0;0;1,time,15,-1,0,15.01,0,0,false,false,english,none,normal,false,false,false,,1728482333000
67068bb33b43e6c05db0a44e,,60.77,94.12,67.17,62.63,76;0;3;0,time,15,-1,1,15.01,0,1.87,false,false,english,none,normal,false,false,false,,1728482227000
67068b9e3b43e6c05db0a2d3,,54.36,88.61,60.75,69.41,68;5;0;0,time,15,-1,0,15.01,0,0,false,false,english,none,normal,false,false,false,,1728482206000
67068b8d3b43e6c05db0a184,,43.19,95.24,49.59,73.63,54;1;0;1,time,15,-1,0,15,0,0,false,false,english,none,normal,false,false,false,,1728482189000
67068b7c3b43e6c05db0a04c,,69.59,94.17,82.39,83.3,87;0;5;0,time,15,-1,0,15,0,0,false,false,english,none,normal,false,false,false,,1728482172000
67068b6b3b43e6c05db09efc,,53.56,91.46,63.15,58.92,67;1;1;0,time,15,-1,0,15.01,0,0,false,false,english,none,normal,false,false,false,,1728482155000
67068b453b43e6c05db09c41,,74.33,95.96,78.33,79.45,93;2;0;0,time,15,-1,0,15.01,0,0,false,false,english,none,normal,false,false,false,,1728482117000
67068b323b43e6c05db09af6,,74.4,100,74.4,80.29,93;0;0;0,time,15,-1,0,15,0,0,false,false,english,none,normal,false,false,false,,1728482098000
67068b203b43e6c05db09995,,55.97,92.5,59.96,58.57,70;2;0;0,time,15,-1,0,15.01,0,0,false,false,english,none,normal,false,false,false,,1728482080000
67068b103b43e6c05db09873,,39.19,80,57.59,73.67,49;8;0;3,time,15,-1,0,15,0,0,false,false,english,none,normal,false,false,false,,1728482064000
67068afe3b43e6c05db09736,,51.97,87.5,60.77,62.1,65;5;1;0,time,15,-1,0,15.01,0,0,false,false,english,none,normal,false,false,false,,1728482046000
67068aed3b43e6c05db095fa,,58.4,91.46,64,71.77,73;4;1;0,time,15,-1,0,15,0,0,false,false,english,none,normal,false,false,false,,1728482029000
67068adc3b43e6c05db094e4,,41.58,83.56,55.17,61.86,52;6;0;0,time,15,-1,0,15.01,0,0,false,false,english,none,normal,false,false,false,,1728482012000
67068acb3b43e6c05db0939f,,66.35,100,66.35,76.33,83;0;0;0,time,15,-1,0,15.01,0,0,false,false,english,none,normal,false,false,false,,1728481995000
67068ab93b43e6c05db09273,,66.4,97.65,68,73.69,83;2;0;0,time,15,-1,0,15,0,0,false,false,english,none,normal,false,false,false,,1728481977000
67068a973b43e6c05db09011,,63.96,89,79.15,74.51,80;5;1;3,time,15,-1,0,15.01,0,0,false,false,english,none,normal,false,false,false,,1728481943000
67068a873b43e6c05db08ece,,59.98,86,79.17,78.32,75;7;2;2,time,15,-1,0,15.01,0,0,false,false,english,none,normal,false,false,false,,1728481927000
67068a733b43e6c05db08d5b,,64.79,90.43,71.19,71.78,81;2;0;1,time,15,-1,1,15,0,5.29,false,false,english,none,normal,false,false,false,,1728481906000
67068a5b3b43e6c05db08bb3,,63.2,91.95,65.6,65.41,79;1;0;1,time,15,-1,0,15,0,0,false,false,english,none,normal,false,false,false,,1728481883000
67068a4a3b43e6c05db08a7e,,55.19,82.95,66.39,68.35,69;7;1;1,time,15,-1,0,15,0,0,false,false,english,none,normal,false,false,false,,1728481866000
67068a393b43e6c05db0894a,,64,92.93,79.19,78.01,80;3;0;3,time,15,-1,0,15,0,0,false,false,english,none,normal,false,false,false,,1728481849000
67068a283b43e6c05db0881b,,60.77,87.5,75.16,71.59,76;5;2;1,time,15,-1,0,15.01,0,0,false,false,english,none,normal,false,false,false,,1728481832000
67068a173b43e6c05db086ec,,64.78,88.54,75.98,74.61,81;6;2;0,time,15,-1,0,15,0,0,false,false,english,none,normal,false,false,false,,1728481815000
67068a063b43e6c05db08597,,72.8,100,72.8,76.33,91;0;0;0,time,15,-1,0,15,0,0,false,false,english,none,normal,false,false,false,,1728481798000
670689f43b43e6c05db0841a,,67.17,98.89,71.97,79.82,84;1;0;0,time,15,-1,0,15.01,0,0,false,false,english,none,normal,false,false,false,,1728481780000
670689e33b43e6c05db082e8,,59.18,93.67,59.18,67.88,74;0;0;0,time,15,-1,0,15.01,0,0,false,false,english,none,normal,false,false,false,,1728481763000
670689d23b43e6c05db081ce,,56.8,83.51,75.2,65.72,71;9;1;1,time,15,-1,0,15,0,0,false,false,english,none,normal,false,false,false,,1728481746000
670689b13b43e6c05db07f98,,67.18,100,67.18,83,84;0;0;0,time,15,-1,0,15.01,0,0,false,false,english,none,normal,false,false,false,,1728481713000
670689a03b43e6c05db07e71,,49.59,97.14,55.99,54.65,62;0;1;0,time,15,-1,0,15,0,0,false,false,english,none,normal,false,false,false,,1728481696000
6706898f3b43e6c05db07d59,,57.55,93.51,59.95,64.54,72;2;0;0,time,15,-1,0,15.01,0,0,false,false,english,none,normal,false,false,false,,1728481679000
6706897e3b43e6c05db07c24,,54.4,89.47,56.8,58.96,68;3;0;0,time,15,-1,0,15,0,0,false,false,english,none,normal,false,false,false,,1728481662000
6706896d3b43e6c05db07af8,,66.36,96.74,72.76,71.53,83;1;0;0,time,15,-1,0,15.01,0,0,false,false,english,none,normal,false,false,false,,1728481645000
6706895d3b43e6c05db079ca,,37.6,79.17,75.19,65.4,47;8;3;1,time,15,-1,0,15,0,0,false,false,english,none,normal,false,false,false,,1728481628000
6706894b3b43e6c05db078a1,,51.18,83.75,57.57,49.49,64;5;0;0,time,15,-1,0,15.01,0,0,false,false,english,none,normal,false,false,false,,1728481611000
6706893a3b43e6c05db07786,,55.99,87.1,71.19,63.61,70;4;2;1,time,15,-1,2,15,0,1.45,false,false,english,none,normal,false,false,false,,1728481594000
670689013b43e6c05db0739e,,57.6,81,76.8,76.34,72;9;2;0,time,15,-1,0,15,0,0,false,false,english,none,normal,false,false,false,,1728481537000
670688f03b43e6c05db07251,,44.8,81.32,67.2,64.67,56;3;2;2,time,15,-1,0,15,0,0,false,false,english,none,normal,false,false,false,,1728481520000
670688de3b43e6c05db07101,,73.53,97.94,77.52,71.84,92;1;0;0,time,15,-1,0,15.02,0,0,false,false,english,none,normal,false,false,false,,1728481502000
670688cd3b43e6c05db06fd1,,51.17,75.26,77.56,76.13,64;15;3;3,time,15,-1,0,15.01,0,0,false,false,english,none,normal,false,false,false,,1728481485000
670688ac3b43e6c05db06d77,,69.53,86.79,83.11,82.5,87;9;0;0,time,15,-1,0,15.02,0,0,false,false,english,none,normal,false,false,false,,1728481452000
6706885f3b43e6c05db067ff,,60.76,83,77.54,73.92,76;10;1;2,time,15,-1,0,15.01,0,0,false,false,english,none,normal,false,false,false,,1728481375000
6706884d3b43e6c05db066b0,,70.35,89.8,77.55,74.47,88;6;1;0,time,15,-1,0,15.01,0,0,false,false,english,none,normal,false,false,false,,1728481357000
670688393b43e6c05db06531,,54.4,83.52,72.8,72.11,68;10;1;2,time,15,-1,0,15,0,0,false,false,english,none,normal,false,false,false,,1728481337000
670688283b43e6c05db063fc,,72,92.08,80.79,79.37,90;4;2;1,time,15,-1,0,15,0,0,false,false,english,none,normal,false,false,false,,1728481320000
670688133b43e6c05db06279,,63.14,90.1,80.72,73.73,79;6;0;0,time,15,-1,1,15.01,0,8.48,false,false,english,none,normal,false,false,false,,1728481299000
670687f43b43e6c05db06045,,72.76,92.31,83.16,78.63,91;7;0;0,time,15,-1,0,15.01,0,0,false,false,english,none,normal,false,false,false,,1728481268000
670687cc3b43e6c05db05d9d,,71.96,93.33,83.96,85.25,90;4;0;2,time,15,-1,0,15.01,0,0,false,false,english,none,normal,false,false,false,,1728481228000
670686173b43e6c05db03f90,,52.79,81.82,79.19,72.45,66;11;1;1,time,15,-1,0,15,0,0,false,false,english,none,normal,false,false,false,,1728480791000
670686053b43e6c05db03e57,,33.6,79.66,47.2,48.06,42;7;2;1,time,15,-1,0,15,1,0,false,false,english,none,normal,false,false,false,,1728480773000
670685e03b43e6c05db03b9b,,40.8,78.82,68,63.18,51;10;2;3,time,15,-1,0,15,0,0,false,false,english,none,normal,false,false,false,,1728480736000
670685be3b43e6c05db03922,,52.8,80.41,77.59,71.28,66;13;1;3,time,15,-1,0,15,0,0,false,false,english,none,normal,false,false,false,,1728480702000
670685ac3b43e6c05db037dc,,71.19,94.95,75.19,63.82,89;1;0;0,time,15,-1,0,15,0,0,false,false,english,none,normal,false,false,false,,1728480684000
670685793b43e6c05db03425,,62.4,86.27,80.79,79.77,78;8;0;4,time,15,-1,0,15,0,0,false,false,english,none,normal,false,false,false,,1728480633000
670685673b43e6c05db032e8,,56.8,79.28,88.79,79.78,71;14;2;4,time,15,-1,0,15,0,0,false,false,english,none,normal,false,false,false,,1728480615000
670685543b43e6c05db03189,,50.39,75,75.99,72.76,63;14;3;4,time,15,-1,0,15,0,0,false,false,english,none,normal,false,false,false,,1728480596000
670685433b43e6c05db0304a,,49.6,82.02,71.2,72.16,62;9;2;1,time,15,-1,1,15,0,28.33,false,false,english,none,normal,false,false,false,,1728480579000
670684e43b43e6c05db029bf,,54.4,83.17,80.79,82.46,68;11;2;1,time,15,-1,0,15,0,0,false,false,english,none,normal,false,false,false,,1728480484000
670684c23b43e6c05db0272c,,40,75.76,79.2,74.17,50;15;1;4,time,15,-1,0,15,0,0,false,false,english,none,normal,false,false,false,,1728480449000
670684b03b43e6c05db025e2,,51.2,80.22,71.2,66.78,64;9;3;3,time,15,-1,0,15,0,0,false,false,english,none,normal,false,false,false,,1728480432000
670684993b43e6c05db0244e,,51.2,77.36,84.79,80.35,64;17;0;3,time,15,-1,0,15,0,0,false,false,english,none,normal,false,false,false,,1728480409000
670684873b43e6c05db022f0,,65.6,90.74,86.4,83.03,82;5;0;2,time,15,-1,0,15,0,0,false,false,english,none,normal,false,false,false,,1728480391000
670684573b43e6c05db01f9c,,50.4,76.64,85.59,85.64,63;12;6;1,time,15,-1,0,15,0,0,false,false,english,none,normal,false,false,false,,1728480343000
670684473b43e6c05db01e65,,47.18,75.76,79.17,79.45,59;15;3;2,time,15,-1,0,15.01,0,0,false,false,english,none,normal,false,false,false,,1728480327000
670681273b43e6c05dafe86b,,59.19,84.62,83.19,79.97,74;10;1;1,time,15,-1,0,15,0,0,false,false,english,none,normal,false,false,false,,1728479527000
670681163b43e6c05dafe761,,51.2,82.47,77.59,81.39,64;11;0;4,time,15,-1,0,15,0,0,false,false,english,none,normal,false,false,false,,1728479510000
670680df3b43e6c05dafe3b8,,61.6,82.69,83.19,84.68,77;11;1;1,time,15,-1,0,15,0,0,false,false,english,none,normal,false,false,false,,1728479455000
670680cc3b43e6c05dafe289,,36,75.9,62.4,54.88,45;9;0;4,time,15,-1,0,15,0,0,false,false,english,none,normal,false,false,false,,1728479436000
670680b83b43e6c05dafe123,,60.76,86.73,76.74,73.87,76;9;0;1,time,15,-1,0,15.01,0,0,false,false,english,none,normal,false,false,false,,1728479416000
670680733b43e6c05dafdcb8,,55.17,90.7,66.36,63.17,69;4;0;0,time,15,-1,0,15.01,0,0,false,false,english,none,normal,false,false,false,,1728479347000
67062a5b3b43e6c05dabf465,,65.55,89.09,87.93,83.74,82;7;1;1,time,15,-1,0,15.01,0,0,false,false,english,none,normal,false,false,false,,1728457307000
67062a273b43e6c05dabf25d,,57.6,85.86,78.39,73.01,72;7;1;4,time,15,-1,0,15,0,0,false,false,english,none,normal,false,false,false,,1728457255000
67062a053b43e6c05dabf10d,,60.8,83.51,77.59,69.67,76;9;3;1,time,15,-1,0,15,0,0,false,false,english,none,normal,false,false,false,,1728457221000
670629f63b43e6c05dabf05b,,44.79,80.43,73.59,79.49,56;12;0;4,time,15,-1,0,15,0,0,false,false,english,none,normal,false,false,false,,1728457206000
670628c23b43e6c05dabe3e4,,78.35,92.86,89.55,89.21,98;4;1;2,time,15,-1,0,15.01,0,0,false,false,english,none,normal,false,false,false,,1728456898000
6706287c3b43e6c05dabe125,,59.97,81.55,82.36,74.57,75;12;2;2,time,15,-1,0,15.01,0,0,false,false,english,none,normal,false,false,false,,1728456828000
670628683b43e6c05dabe052,,54.39,80.41,75.99,72.42,68;12;2;2,time,15,-1,0,15,0,0,false,false,english,none,normal,false,false,false,,1728456808000
670628573b43e6c05dabdf94,,55.96,79.38,76.74,73.6,70;13;1;1,time,15,-1,0,15.01,0,0,false,false,english,none,normal,false,false,false,,1728456791000
6706281c3b43e6c05dabdd6d,,48.79,84.21,52.79,41.98,61;1;0;0,time,15,-1,0,15,1,0,false,false,english,none,normal,false,false,false,,1728456732000
6706278b3b43e6c05dabd785,,48.76,86.02,74.34,70.44,61;6;2;1,time,15,-1,0,15.01,0,0,false,false,english,none,normal,false,false,false,,1728456587000
670627783b43e6c05dabd6d6,,51.95,86.67,83.92,86.2,65;7;1;2,time,15,-1,1,15.01,0,14.77,false,false,english,none,normal,false,false,false,,1728456568000
670627443b43e6c05dabd4a0,,41.6,75,80,79.02,52;16;1;5,time,15,-1,0,15,0,0,false,false,english,none,normal,false,false,false,,1728456516000
670627333b43e6c05dabd401,,62.38,89.22,81.57,75.28,78;5;1;4,time,15,-1,0,15.01,0,0,false,false,english,none,normal,false,false,false,,1728456499000
6706271d3b43e6c05dabd339,,59.99,87.23,72.79,71.18,75;6;0;1,time,15,-1,2,15,0,15.67,false,false,english,none,normal,false,false,false,,1728456477000
6705304a3b43e6c05d9f8991,,63.94,90.53,75.93,78.69,80;3;3;0,time,15,-1,1,15.01,0,14.65,false,false,english,none,normal,false,false,false,,1728393290000
670530123b43e6c05d9f85d1,,60.79,85.26,73.59,62.35,76;7;1;1,time,15,-1,0,15,0,0,false,false,english,none,normal,false,false,false,,1728393234000
6703d48d3b43e6c05d8e6f25,,40.78,82.43,57.58,68.2,51;5;3;1,time,15,-1,0,15.01,0,0,false,false,english,none,normal,false,false,false,,1728304269000
6703d4783b43e6c05d8e6e21,,54.4,77.23,79.99,79.37,68;15;2;3,time,15,-1,0,15,0,0,false,false,english,none,normal,false,false,false,,1728304248000
6703ccfd3b43e6c05d8e071f,,38.4,83.54,61.6,65.71,48;6;2;2,time,15,-1,1,15,0,12.7,false,false,english,none,normal,false,false,false,,1728302333000
6703cbf53b43e6c05d8dfa31,,44.8,81.25,75.99,77.32,56;9;1;1,time,15,-1,0,15,0,0,false,false,english,none,normal,false,false,false,,1728302069000
6703cbe43b43e6c05d8df953,,44.79,78.16,67.99,71.71,56;11;1;3,time,15,-1,2,15,0,12.68,false,false,english,none,normal,false,false,false,,1728302052000
6703cbc53b43e6c05d8df7b8,,44.79,79.31,69.58,71.71,56;12;0;4,time,15,-1,0,15.01,0,0,false,false,english,none,normal,false,false,false,,1728302021000
6703cbb43b43e6c05d8df6df,,36.77,84.06,54.36,47.61,46;6;0;3,time,15,-1,1,15.01,0,2.79,false,false,english,none,normal,false,false,false,,1728302004000
6703ca9f3b43e6c05d8de941,,47.97,77.45,81.55,76.47,60;12;4;3,time,15,-1,0,15.01,0,0,false,false,english,none,normal,false,false,false,,1728301727000
6703ca8d3b43e6c05d8de84f,,46.39,77.66,75.18,77.08,58;13;1;5,time,15,-1,0,15,0,0,false,false,english,none,normal,false,false,false,,1728301709000
6703ca553b43e6c05d8de584,,55.96,80,83.94,68.27,70;13;1;0,time,15,-1,2,15.01,0,10.83,false,false,english,none,normal,false,false,false,,1728301653000
6703ca223b43e6c05d8de30b,,50.37,77.36,83.96,77.8,63;14;2;2,time,15,-1,2,15.01,0,2.66,false,false,english,none,normal,false,false,false,,1728301602000
6703ca0a3b43e6c05d8de1c8,,64.77,92.39,71.17,67.47,81;2;0;2,time,15,-1,0,15.01,0,0,false,false,english,none,normal,false,false,false,,1728301578000
6703c9f83b43e6c05d8de0f5,,39.18,76.19,65.57,60.47,49;11;1;2,time,15,-1,0,15.01,0,0,false,false,english,none,normal,false,false,false,,1728301560000
6703c9e23b43e6c05d8ddfe1,,46.39,77.66,75.19,76.36,58;12;2;3,time,15,-1,2,15,0,14.27,false,false,english,none,normal,false,false,false,,1728301538000
6703c9af3b43e6c05d8ddd47,,66.36,91.67,76.75,76.62,83;4;2;0,time,15,-1,0,15.01,0,0,false,false,english,none,normal,false,false,false,,1728301487000
6703c99d3b43e6c05d8ddc5f,,38.39,79.17,76.79,83.07,48;11;0;6,time,15,-1,0,15,0,0,false,false,english,none,normal,false,false,false,,1728301469000
6703c9683b43e6c05d8dd9c7,,47.96,84.04,75.13,74.96,60;8;1;5,time,15,-1,0,15.01,0,0,false,false,english,none,normal,false,false,false,,1728301416000
6703c9533b43e6c05d8dd8cf,,47.99,81.55,82.38,74.02,60;10;2;3,time,15,-1,0,15,0,0,false,false,english,none,normal,false,false,false,,1728301395000
6703c34f3b43e6c05d8d909a,,46.38,75.23,85.56,73.19,58;14;4;0,time,15,-1,0,15.01,0,0,false,false,english,none,normal,false,false,false,,1728299855000
6703c2e63b43e6c05d8d8c55,,53.56,83.7,71.15,68.58,67;8;1;2,time,15,-1,0,15.01,0,0,false,false,english,none,normal,false,false,false,,1728299750000
6703c2943b43e6c05d8d8912,true,79.16,97.14,82.36,73.4,99;1;0;0,time,15,-1,2,15.01,0,2.65,false,false,english,none,normal,false,false,false,,1728299668000
6703c2683b43e6c05d8d8765,,60.77,90,68.76,63.5,76;3;0;6,time,15,-1,1,15.01,0,5.23,false,false,english,none,normal,false,false,false,,1728299624000
67035e9a3b43e6c05d89755c,,50.35,85.23,68.74,60.72,63;8;0;1,time,15,-1,0,15.01,0,0,false,false,english,none,normal,false,false,false,,1728274074000
67035e893b43e6c05d8974c1,,40.78,77.27,68.77,67.15,51;11;0;4,time,15,-1,2,15.01,0,10.2,false,false,english,none,normal,false,false,false,,1728274057000
67035e3e3b43e6c05d897241,,15.19,83.33,15.19,33.1,19;0;0;0,time,15,-1,0,15.01,1,0,false,false,english,none,normal,false,false,false,,1728273982000
67035e163b43e6c05d8970c8,,22.38,91.18,26.37,53.19,28;1;0;0,time,15,-1,0,15.02,1,0,false,false,english,none,normal,false,false,false,,1728273942000
67035c743b43e6c05d896182,,59.98,84.16,79.17,68.63,75;9;2;2,time,15,-1,0,15.01,0,0,false,false,english,none,normal,false,false,false,,1728273524000
67035c4e3b43e6c05d896028,,51.98,83.18,85.57,79.61,65;10;2;3,time,15,-1,0,15.01,0,0,false,false,english,none,normal,false,false,false,,1728273486000
67035bb83b43e6c05d895ab8,true,63.96,92.47,73.56,71.03,80;3;1;0,time,15,-1,0,15.01,0,0,false,false,english,none,normal,false,false,false,,1728273336000
67035ae73b43e6c05d8953ba,true,59.99,83.33,79.18,73.05,75;9;1;1,time,15,-1,1,15,0,4.32,false,false,english,none,normal,false,false,false,,1728273127000
67035ac63b43e6c05d895292,,45.19,77.99,59.59,59.51,113;17;3;2,time,30,-1,0,30.01,0,0,false,false,english,none,normal,false,false,false,,1728273094000
67035a033b43e6c05d894c54,,48.77,80.45,69.96,65.53,122;17;4;4,time,30,-1,0,30.02,0,0,false,false,english,none,normal,false,false,false,,1728272899000
6703597f3b43e6c05d894774,,60.39,86.34,70.38,66.58,151;14;2;2,time,30,-1,1,30.01,0,10.37,false,false,english,none,normal,false,false,false,,1728272767000
6703590f3b43e6c05d89432d,,43.6,76.97,69.99,70.83,109;23;3;8,time,30,-1,2,30,0,22.78,false,false,english,none,normal,false,false,false,,1728272655000
670358c63b43e6c05d89407f,,57.19,82.18,80.78,75.77,143;19;4;12,time,30,-1,0,30.01,0,0,false,false,english,none,normal,false,false,false,,1728272582000
6703588e3b43e6c05d893e77,,53.18,81.97,72.37,78.69,133;18;6;1,time,30,-1,1,30.01,0,2.28,false,false,english,none,normal,false,false,false,,1728272526000
66fa899266c51bbe14704bba,,33.59,87.62,37.99,33.89,168;9;0;2,time,60,-1,0,60.01,8,0,true,true,english,none,normal,false,false,false,,1727695250000
66ee733d66c51bbe14ea9dc0,,32.4,84.26,44.99,49.21,162;13;6;7,time,60,-1,0,60.01,2,0,true,true,english,none,normal,false,false,false,,1726903101000
66ed805566c51bbe14dfe922,true,35.99,80.21,56.59,67.55,180;31;5;7,time,60,-1,0,60.01,0,0,true,true,english,none,normal,false,false,false,,1726840917000
66e980a39f671a0853e86eca,,27.4,77.03,43.79,48.08,137;29;2;18,time,60,-1,0,60.01,2,0,true,true,english,none,normal,false,false,false,,1726578851000
66e921ab9f671a0853e40b1a,true,27.99,78.63,47.58,53.43,140;25;4;2,time,60,-1,1,60.02,0,3.11,true,true,english,none,normal,false,false,false,,1726554539000
66e920c69f671a0853e401fc,,57.96,88.65,72.35,71.89,145;8;2;1,time,30,-1,0,30.02,0,0,false,true,english,none,normal,false,false,false,,1726554310000
66e91fe99f671a0853e3f892,,38.4,82.89,60.4,63.64,96;14;0;1,time,30,-1,0,30,0,0,false,true,english,none,normal,false,false,false,,1726554089000
66e91f899f671a0853e3f449,,31.6,77.24,56.4,68.82,79;14;4;0,time,30,-1,0,30,0,0,false,true,english,none,normal,false,false,false,,1726553993000
66e91f549f671a0853e3f1fd,true,62.4,97.56,64,69.49,156;1;0;0,time,30,-1,0,30,0,0,false,true,english,none,normal,false,false,false,,1726553940000
66e6cd5bb6e6096ba3a63f06,,50,83.93,66.79,72.88,125;15;3;0,time,30,-1,0,30,0,0,false,false,english,none,normal,false,false,false,,1726401883000
66e6ccfcb6e6096ba3a63b57,true,62.37,94.77,67.97,73.38,156;5;0;1,time,30,-1,0,30.01,0,0,false,false,english,none,normal,false,false,false,,1726401788000